-- 테스트 계정
-- TODO: 테스트용이지만 비밀번호가 노출된 데이터 세팅. 개선하는 것이 좋을 지 고민해 보자.
insert into user_account (user_id, user_password, nickname, email, memo, created_at, created_by, modified_at, modified_by) values ('uno', '{noop}asdf1234', 'Uno', 'uno@mail.com', 'I am Uno.', now(), 'uno', now(), 'uno');
insert into user_account (user_id, user_password, nickname, email, memo, created_at, created_by, modified_at, modified_by) values ('uno2', '{noop}asdf1234', 'Uno2', 'uno2@mail.com', 'I am Uno2.', now(), 'uno2', now(), 'uno2');

-- 123 개의 게시글
insert into article (user_id, title, content, hashtag, created_by, modified_by, created_at, modified_at) values ('uno', 'Cum sociis natoque penatibus et magnis dis parturient montes, nascetur ridiculus mus.', 'In hac habitasse platea dictumst. Morbi vestibulum, velit id pretium iaculis, diam erat fermentum justo, nec condimentum neque sapien placerat ante. Nulla justo.', null, 'Felicia', 'Tadeo', '2023-05-23 17:12:59', '2023-06-01 22:47:55');
insert into article (user_id, title, content, hashtag, created_by, modified_by, created_at, modified_at) values ('uno', 'Nulla justo.', 'Pellentesque at nulla. Suspendisse potenti. Cras in purus eu magna vulputate luctus.', '#Purple', 'Dennet', 'Elene', '2023-10-19 20:28:07', '2023-03-06 10:13:04');
insert into article (user_id, title, content, hashtag, created_by, modified_by, created_at, modified_at) values ('uno', 'Maecenas tristique, est et tempus semper, est quam pharetra magna, ac consequat metus sapien ut nunc.', 'Proin interdum mauris non ligula pellentesque ultrices. Phasellus id sapien in sapien iaculis congue. Vivamus metus arcu, adipiscing molestie, hendrerit at, vulputate vitae, nisl.', null, 'Adel', 'Brande', '2023-12-30 13:43:36', '2023-06-19 20:57:59');
insert into article (user_id, title, content, hashtag, created_by, modified_by, created_at, modified_at) values ('uno', 'Proin at turpis a pede posuere nonummy.', 'Proin interdum mauris non ligula pellentesque ultrices. Phasellus id sapien in sapien iaculis congue. Vivamus metus arcu, adipiscing molestie, hendrerit at, vulputate vitae, nisl.', '#Indigo', 'Dennison', 'Wilhelmina', '2023-11-06 21:09:05', '2023-03-22 06:50:58');
insert into article (user_id, title, content, hashtag, created_by, modified_by, created_at, modified_at) values ('uno', 'Proin risus.', 'Proin interdum mauris non ligula pellentesque ultrices. Phasellus id sapien in sapien iaculis congue. Vivamus metus arcu, adipiscing molestie, hendrerit at, vulputate vitae, nisl.', '#Purple', 'Bryn', 'Sella', '2024-01-04 11:28:01', '2023-06-07 23:45:05');
insert into article (user_id, title, content, hashtag, created_by, modified_by, created_at, modified_at) values ('uno', 'Vestibulum ante ipsum primis in faucibus orci luctus et ultrices posuere cubilia Curae; Donec pharetra, magna vestibulum aliquet ultrices, erat tortor sollicitudin mi, sit amet lobortis sapien sapien non mi.', 'Cras non velit nec nisi vulputate nonummy. Maecenas tincidunt lacus at velit. Vivamus vel nulla eget eros elementum pellentesque.', '#Aquamarine', 'Zebulon', 'Kissee', '2023-05-11 01:52:12', '2023-05-13 19:08:28');
insert into article (user_id, title, content, hashtag, created_by, modified_by, created_at, modified_at) values ('uno', 'Etiam vel augue.', 'Donec diam neque, vestibulum eget, vulputate ut, ultrices vel, augue. Vestibulum ante ipsum primis in faucibus orci luctus et ultrices posuere cubilia Curae; Donec pharetra, magna vestibulum aliquet ultrices, erat tortor sollicitudin mi, sit amet lobortis sapien sapien non mi. Integer ac neque.', null, 'Pammi', 'Bevan', '2023-07-10 04:13:08', '2023-09-17 06:01:42');
insert into article (user_id, title, content, hashtag, created_by, modified_by, created_at, modified_at) values ('uno', 'Suspendisse potenti.', 'Sed ante. Vivamus tortor. Duis mattis egestas metus.', null, 'Hughie', 'Rodi', '2023-06-10 05:43:09', '2023-02-07 20:51:44');
insert into article (user_id, title, content, hashtag, created_by, modified_by, created_at, modified_at) values ('uno', 'Nullam orci pede, venenatis non, sodales sed, tincidunt eu, felis.', 'Fusce consequat. Nulla nisl. Nunc nisl.', '#Indigo', 'Quintin', 'Aleksandr', '2023-04-19 13:28:42', '2023-09-05 12:43:28');
insert into article (user_id, title, content, hashtag, created_by, modified_by, created_at, modified_at) values ('uno', 'Curabitur gravida nisi at nibh.', 'In hac habitasse platea dictumst. Etiam faucibus cursus urna. Ut tellus.', '#Puce', 'Dre', 'Rock', '2023-11-29 21:01:54', '2023-10-01 13:57:52');
insert into article (user_id, title, content, hashtag, created_by, modified_by, created_at, modified_at) values ('uno', 'Maecenas ut massa quis augue luctus tincidunt.', 'Quisque porta volutpat erat. Quisque erat eros, viverra eget, congue eget, semper rutrum, nulla. Nunc purus.', '#Orange', 'Lorinda', 'Charil', '2023-04-30 19:02:53', '2023-07-23 18:10:44');
insert into article (user_id, title, content, hashtag, created_by, modified_by, created_at, modified_at) values ('uno', 'Suspendisse ornare consequat lectus.', 'Fusce posuere felis sed lacus. Morbi sem mauris, laoreet ut, rhoncus aliquet, pulvinar sed, nisl. Nunc rhoncus dui vel sem.', null, 'Kerry', 'Erhard', '2023-11-13 02:03:09', '2023-09-26 03:57:19');
insert into article (user_id, title, content, hashtag, created_by, modified_by, created_at, modified_at) values ('uno', 'Morbi vel lectus in quam fringilla rhoncus.', 'Lorem ipsum dolor sit amet, consectetuer adipiscing elit. Proin risus. Praesent lectus.', '#Violet', 'Mattias', 'Katheryn', '2023-08-06 17:41:09', '2023-04-08 18:46:59');
insert into article (user_id, title, content, hashtag, created_by, modified_by, created_at, modified_at) values ('uno', 'Nam ultrices, libero non mattis pulvinar, nulla pede ullamcorper augue, a suscipit nulla elit ac nulla.', 'Duis consequat dui nec nisi volutpat eleifend. Donec ut dolor. Morbi vel lectus in quam fringilla rhoncus.', '#Maroon', 'Kat', 'Gun', '2023-11-03 22:18:20', '2023-09-07 02:19:37');
insert into article (user_id, title, content, hashtag, created_by, modified_by, created_at, modified_at) values ('uno', 'Duis consequat dui nec nisi volutpat eleifend.', 'In hac habitasse platea dictumst. Etiam faucibus cursus urna. Ut tellus.', '#Blue', 'Stephen', 'Dorothy', '2023-03-14 18:41:01', '2023-05-17 03:07:06');
insert into article (user_id, title, content, hashtag, created_by, modified_by, created_at, modified_at) values ('uno', 'Fusce consequat.', 'Duis bibendum. Morbi non quam nec dui luctus rutrum. Nulla tellus.', '#Khaki', 'Harriett', 'Juli', '2023-04-08 23:02:11', '2023-07-12 04:03:00');
insert into article (user_id, title, content, hashtag, created_by, modified_by, created_at, modified_at) values ('uno', 'Cum sociis natoque penatibus et magnis dis parturient montes, nascetur ridiculus mus.', 'Vestibulum ac est lacinia nisi venenatis tristique. Fusce congue, diam id ornare imperdiet, sapien urna pretium nisl, ut volutpat sapien arcu sed augue. Aliquam erat volutpat.', '#Orange', 'Fleur', 'Shanna', '2023-09-09 15:33:47', '2023-09-11 16:51:03');
insert into article (user_id, title, content, hashtag, created_by, modified_by, created_at, modified_at) values ('uno', 'Aenean auctor gravida sem.', 'Phasellus sit amet erat. Nulla tempus. Vivamus in felis eu sapien cursus vestibulum.', '#Pink', 'Gertrude', 'Lavina', '2023-07-16 19:55:49', '2023-05-31 07:22:03');
insert into article (user_id, title, content, hashtag, created_by, modified_by, created_at, modified_at) values ('uno', 'Vivamus vel nulla eget eros elementum pellentesque.', 'Quisque id justo sit amet sapien dignissim vestibulum. Vestibulum ante ipsum primis in faucibus orci luctus et ultrices posuere cubilia Curae; Nulla dapibus dolor vel est. Donec odio justo, sollicitudin ut, suscipit a, feugiat et, eros.', '#Orange', 'Garvy', 'Randi', '2023-08-21 02:54:04', '2023-04-15 19:14:22');
insert into article (user_id, title, content, hashtag, created_by, modified_by, created_at, modified_at) values ('uno', 'Integer ac neque.', 'In congue. Etiam justo. Etiam pretium iaculis justo.', null, 'Brandice', 'Neill', '2023-08-14 10:43:55', '2023-09-02 19:48:11');
insert into article (user_id, title, content, hashtag, created_by, modified_by, created_at, modified_at) values ('uno', 'Morbi sem mauris, laoreet ut, rhoncus aliquet, pulvinar sed, nisl.', 'Phasellus sit amet erat. Nulla tempus. Vivamus in felis eu sapien cursus vestibulum.', null, 'Kippar', 'Bertrando', '2023-07-01 01:43:05', '2023-08-16 21:03:55');
insert into article (user_id, title, content, hashtag, created_by, modified_by, created_at, modified_at) values ('uno', 'Quisque ut erat.', 'Quisque id justo sit amet sapien dignissim vestibulum. Vestibulum ante ipsum primis in faucibus orci luctus et ultrices posuere cubilia Curae; Nulla dapibus dolor vel est. Donec odio justo, sollicitudin ut, suscipit a, feugiat et, eros.', '#Puce', 'Maximilianus', 'Weylin', '2023-07-09 00:37:13', '2023-07-27 19:47:26');
insert into article (user_id, title, content, hashtag, created_by, modified_by, created_at, modified_at) values ('uno', 'Integer ac neque.', 'Phasellus in felis. Donec semper sapien a libero. Nam dui.', '#Orange', 'Terrill', 'Andrus', '2023-08-10 12:58:39', '2023-03-08 06:14:56');
insert into article (user_id, title, content, hashtag, created_by, modified_by, created_at, modified_at) values ('uno', 'Vivamus in felis eu sapien cursus vestibulum.', 'Morbi porttitor lorem id ligula. Suspendisse ornare consequat lectus. In est risus, auctor sed, tristique in, tempus sit amet, sem.', '#Indigo', 'Geoffry', 'Reynard', '2023-05-10 22:04:11', '2023-12-13 20:48:38');
insert into article (user_id, title, content, hashtag, created_by, modified_by, created_at, modified_at) values ('uno', 'Donec diam neque, vestibulum eget, vulputate ut, ultrices vel, augue.', 'Maecenas leo odio, condimentum id, luctus nec, molestie sed, justo. Pellentesque viverra pede ac diam. Cras pellentesque volutpat dui.', null, 'Leeanne', 'Pietrek', '2023-08-22 03:23:39', '2023-06-04 03:03:52');
insert into article (user_id, title, content, hashtag, created_by, modified_by, created_at, modified_at) values ('uno', 'Maecenas tristique, est et tempus semper, est quam pharetra magna, ac consequat metus sapien ut nunc.', 'Sed sagittis. Nam congue, risus semper porta volutpat, quam pede lobortis ligula, sit amet eleifend pede libero quis orci. Nullam molestie nibh in lectus.', '#Blue', 'Abbie', 'Sammie', '2023-11-10 11:55:44', '2023-05-14 17:49:09');
insert into article (user_id, title, content, hashtag, created_by, modified_by, created_at, modified_at) values ('uno', 'Maecenas tincidunt lacus at velit.', 'Nullam sit amet turpis elementum ligula vehicula consequat. Morbi a ipsum. Integer a nibh.', '#Mauv', 'Fin', 'Elwood', '2023-07-24 18:29:44', '2023-06-14 06:41:07');
insert into article (user_id, title, content, hashtag, created_by, modified_by, created_at, modified_at) values ('uno', 'Nam tristique tortor eu pede.', 'Aliquam quis turpis eget elit sodales scelerisque. Mauris sit amet eros. Suspendisse accumsan tortor quis turpis.', '#Pink', 'Fee', 'Doti', '2023-09-06 16:24:09', '2023-03-26 15:05:30');
insert into article (user_id, title, content, hashtag, created_by, modified_by, created_at, modified_at) values ('uno', 'Praesent blandit lacinia erat.', 'Maecenas tristique, est et tempus semper, est quam pharetra magna, ac consequat metus sapien ut nunc. Vestibulum ante ipsum primis in faucibus orci luctus et ultrices posuere cubilia Curae; Mauris viverra diam vitae quam. Suspendisse potenti.', null, 'Frannie', 'Sybilla', '2023-03-27 10:26:50', '2023-06-27 07:52:54');
insert into article (user_id, title, content, hashtag, created_by, modified_by, created_at, modified_at) values ('uno', 'Vestibulum ante ipsum primis in faucibus orci luctus et ultrices posuere cubilia Curae; Donec pharetra, magna vestibulum aliquet ultrices, erat tortor sollicitudin mi, sit amet lobortis sapien sapien non mi.', 'Nullam porttitor lacus at turpis. Donec posuere metus vitae ipsum. Aliquam non mauris.', '#Blue', 'Carin', 'Titus', '2023-04-04 13:56:33', '2023-07-02 04:00:27');
insert into article (user_id, title, content, hashtag, created_by, modified_by, created_at, modified_at) values ('uno', 'Morbi vel lectus in quam fringilla rhoncus.', 'Nulla ut erat id mauris vulputate elementum. Nullam varius. Nulla facilisi.', '#Crimson', 'Alvera', 'Alyosha', '2023-11-23 13:25:33', '2023-03-02 07:29:30');
insert into article (user_id, title, content, hashtag, created_by, modified_by, created_at, modified_at) values ('uno', 'Fusce consequat.', 'Integer tincidunt ante vel ipsum. Praesent blandit lacinia erat. Vestibulum sed magna at nunc commodo placerat.', '#Mauv', 'Idalia', 'Herculie', '2023-03-22 21:59:14', '2023-10-29 02:10:30');
insert into article (user_id, title, content, hashtag, created_by, modified_by, created_at, modified_at) values ('uno', 'Praesent lectus.', 'Mauris enim leo, rhoncus sed, vestibulum sit amet, cursus id, turpis. Integer aliquet, massa id lobortis convallis, tortor risus dapibus augue, vel accumsan tellus nisi eu orci. Mauris lacinia sapien quis libero.', '#Teal', 'Enrica', 'Jillian', '2023-11-08 08:55:44', '2023-08-22 18:35:46');
insert into article (user_id, title, content, hashtag, created_by, modified_by, created_at, modified_at) values ('uno', 'Etiam faucibus cursus urna.', 'Proin leo odio, porttitor id, consequat in, consequat ut, nulla. Sed accumsan felis. Ut at dolor quis odio consequat varius.', '#Goldenrod', 'Anya', 'Grier', '2023-07-21 18:42:50', '2023-04-21 12:25:11');
insert into article (user_id, title, content, hashtag, created_by, modified_by, created_at, modified_at) values ('uno', 'Phasellus id sapien in sapien iaculis congue.', 'Cras mi pede, malesuada in, imperdiet et, commodo vulputate, justo. In blandit ultrices enim. Lorem ipsum dolor sit amet, consectetuer adipiscing elit.', '#Green', 'Lynne', 'Kassia', '2023-11-01 18:14:55', '2023-06-03 20:37:04');
insert into article (user_id, title, content, hashtag, created_by, modified_by, created_at, modified_at) values ('uno', 'Phasellus id sapien in sapien iaculis congue.', 'Praesent blandit. Nam nulla. Integer pede justo, lacinia eget, tincidunt eget, tempus vel, pede.', '#Yellow', 'Fulton', 'Josephina', '2023-05-27 14:56:57', '2023-04-02 19:00:28');
insert into article (user_id, title, content, hashtag, created_by, modified_by, created_at, modified_at) values ('uno', 'Cum sociis natoque penatibus et magnis dis parturient montes, nascetur ridiculus mus.', 'Fusce posuere felis sed lacus. Morbi sem mauris, laoreet ut, rhoncus aliquet, pulvinar sed, nisl. Nunc rhoncus dui vel sem.', '#Yellow', 'Preston', 'Dagmar', '2023-05-26 20:36:51', '2023-09-24 03:18:16');
insert into article (user_id, title, content, hashtag, created_by, modified_by, created_at, modified_at) values ('uno', 'Cras mi pede, malesuada in, imperdiet et, commodo vulputate, justo.', 'Curabitur in libero ut massa volutpat convallis. Morbi odio odio, elementum eu, interdum eu, tincidunt in, leo. Maecenas pulvinar lobortis est.', '#Violet', 'Bernardine', 'Costa', '2023-02-18 11:05:30', '2023-03-31 23:56:52');
insert into article (user_id, title, content, hashtag, created_by, modified_by, created_at, modified_at) values ('uno', 'Nunc purus.', 'Maecenas leo odio, condimentum id, luctus nec, molestie sed, justo. Pellentesque viverra pede ac diam. Cras pellentesque volutpat dui.', '#Purple', 'Jethro', 'Joanne', '2023-01-17 03:05:01', '2023-02-19 22:50:22');
insert into article (user_id, title, content, hashtag, created_by, modified_by, created_at, modified_at) values ('uno', 'Nam ultrices, libero non mattis pulvinar, nulla pede ullamcorper augue, a suscipit nulla elit ac nulla.', 'Cras mi pede, malesuada in, imperdiet et, commodo vulputate, justo. In blandit ultrices enim. Lorem ipsum dolor sit amet, consectetuer adipiscing elit.', '#Red', 'Coop', 'Saba', '2023-07-14 15:41:19', '2023-08-04 12:20:48');
insert into article (user_id, title, content, hashtag, created_by, modified_by, created_at, modified_at) values ('uno2', 'Donec diam neque, vestibulum eget, vulputate ut, ultrices vel, augue.', 'Nullam porttitor lacus at turpis. Donec posuere metus vitae ipsum. Aliquam non mauris.', null, 'Jerad', 'Linnie', '2023-02-25 05:18:09', '2024-01-01 20:08:20');
insert into article (user_id, title, content, hashtag, created_by, modified_by, created_at, modified_at) values ('uno', 'Vivamus in felis eu sapien cursus vestibulum.', 'Suspendisse potenti. In eleifend quam a odio. In hac habitasse platea dictumst.', '#Blue', 'Leonelle', 'Ashly', '2023-12-28 12:27:08', '2023-04-09 13:36:37');
insert into article (user_id, title, content, hashtag, created_by, modified_by, created_at, modified_at) values ('uno2', 'Praesent blandit.', 'Praesent id massa id nisl venenatis lacinia. Aenean sit amet justo. Morbi ut odio.', null, 'Rolph', 'Moselle', '2023-04-12 13:36:01', '2023-02-22 17:59:38');
insert into article (user_id, title, content, hashtag, created_by, modified_by, created_at, modified_at) values ('uno', 'Nullam porttitor lacus at turpis.', 'Suspendisse potenti. In eleifend quam a odio. In hac habitasse platea dictumst.', '#Purple', 'Tommy', 'Kiele', '2023-03-27 21:54:49', '2023-12-17 15:39:20');
insert into article (user_id, title, content, hashtag, created_by, modified_by, created_at, modified_at) values ('uno', 'Nam dui.', 'Curabitur gravida nisi at nibh. In hac habitasse platea dictumst. Aliquam augue quam, sollicitudin vitae, consectetuer eget, rutrum at, lorem.', '#Khaki', 'Egan', 'Bendicty', '2023-03-05 04:02:16', '2023-01-19 20:29:17');
insert into article (user_id, title, content, hashtag, created_by, modified_by, created_at, modified_at) values ('uno', 'Suspendisse accumsan tortor quis turpis.', 'Sed sagittis. Nam congue, risus semper porta volutpat, quam pede lobortis ligula, sit amet eleifend pede libero quis orci. Nullam molestie nibh in lectus.', '#Fuscia', 'Rosemaria', 'Skippie', '2023-11-04 19:23:38', '2023-09-25 06:03:16');
insert into article (user_id, title, content, hashtag, created_by, modified_by, created_at, modified_at) values ('uno2', 'Aenean fermentum.', 'Proin eu mi. Nulla ac enim. In tempor, turpis nec euismod scelerisque, quam turpis adipiscing lorem, vitae mattis nibh ligula nec sem.', '#Turquoise', 'Aloisia', 'Yelena', '2023-12-04 13:22:51', '2023-09-15 00:40:33');
insert into article (user_id, title, content, hashtag, created_by, modified_by, created_at, modified_at) values ('uno2', 'Phasellus id sapien in sapien iaculis congue.', 'Praesent blandit. Nam nulla. Integer pede justo, lacinia eget, tincidunt eget, tempus vel, pede.', '#Green', 'Kai', 'Edgardo', '2024-01-04 04:52:46', '2023-09-18 01:18:40');
insert into article (user_id, title, content, hashtag, created_by, modified_by, created_at, modified_at) values ('uno2', 'Aliquam quis turpis eget elit sodales scelerisque.', 'Morbi porttitor lorem id ligula. Suspendisse ornare consequat lectus. In est risus, auctor sed, tristique in, tempus sit amet, sem.', '#Fuscia', 'Ruthann', 'Tamera', '2023-06-07 14:12:46', '2023-05-31 16:56:21');
insert into article (user_id, title, content, hashtag, created_by, modified_by, created_at, modified_at) values ('uno', 'In eleifend quam a odio.', 'Proin interdum mauris non ligula pellentesque ultrices. Phasellus id sapien in sapien iaculis congue. Vivamus metus arcu, adipiscing molestie, hendrerit at, vulputate vitae, nisl.', null, 'Florie', 'Coriss', '2023-06-25 20:29:49', '2023-02-27 09:17:41');
insert into article (user_id, title, content, hashtag, created_by, modified_by, created_at, modified_at) values ('uno', 'Cras mi pede, malesuada in, imperdiet et, commodo vulputate, justo.', 'Proin leo odio, porttitor id, consequat in, consequat ut, nulla. Sed accumsan felis. Ut at dolor quis odio consequat varius.', '#Turquoise', 'Ransell', 'Eugenius', '2023-04-22 04:05:34', '2023-09-02 07:26:54');
insert into article (user_id, title, content, hashtag, created_by, modified_by, created_at, modified_at) values ('uno', 'Duis bibendum.', 'Fusce posuere felis sed lacus. Morbi sem mauris, laoreet ut, rhoncus aliquet, pulvinar sed, nisl. Nunc rhoncus dui vel sem.', '#Red', 'Malinda', 'Kora', '2023-11-12 12:21:19', '2023-10-12 23:39:59');
insert into article (user_id, title, content, hashtag, created_by, modified_by, created_at, modified_at) values ('uno2', 'Etiam faucibus cursus urna.', 'Lorem ipsum dolor sit amet, consectetuer adipiscing elit. Proin risus. Praesent lectus.', '#Blue', 'Kevan', 'Lionel', '2023-10-02 23:13:55', '2023-06-06 08:45:25');
insert into article (user_id, title, content, hashtag, created_by, modified_by, created_at, modified_at) values ('uno2', 'In sagittis dui vel nisl.', 'Duis aliquam convallis nunc. Proin at turpis a pede posuere nonummy. Integer non velit.', '#Goldenrod', 'Lou', 'Ashla', '2023-04-30 16:37:03', '2023-03-19 16:17:36');
insert into article (user_id, title, content, hashtag, created_by, modified_by, created_at, modified_at) values ('uno2', 'Morbi vestibulum, velit id pretium iaculis, diam erat fermentum justo, nec condimentum neque sapien placerat ante.', 'Nullam sit amet turpis elementum ligula vehicula consequat. Morbi a ipsum. Integer a nibh.', '#Blue', 'Chauncey', 'Samuele', '2023-04-27 05:47:15', '2023-09-14 01:38:25');
insert into article (user_id, title, content, hashtag, created_by, modified_by, created_at, modified_at) values ('uno2', 'Donec ut dolor.', 'Aenean fermentum. Donec ut mauris eget massa tempor convallis. Nulla neque libero, convallis eget, eleifend luctus, ultricies eu, nibh.', '#Aquamarine', 'Darya', 'Shirl', '2023-05-10 23:02:48', '2023-07-31 17:36:35');
insert into article (user_id, title, content, hashtag, created_by, modified_by, created_at, modified_at) values ('uno2', 'Vivamus vestibulum sagittis sapien.', 'Vestibulum ac est lacinia nisi venenatis tristique. Fusce congue, diam id ornare imperdiet, sapien urna pretium nisl, ut volutpat sapien arcu sed augue. Aliquam erat volutpat.', '#Mauv', 'Andy', 'Harley', '2023-07-04 01:43:13', '2023-06-12 11:39:27');
insert into article (user_id, title, content, hashtag, created_by, modified_by, created_at, modified_at) values ('uno2', 'Sed accumsan felis.', 'In sagittis dui vel nisl. Duis ac nibh. Fusce lacus purus, aliquet at, feugiat non, pretium quis, lectus.', '#Khaki', 'Veriee', 'Boycie', '2023-11-09 21:30:41', '2023-07-18 19:03:45');
insert into article (user_id, title, content, hashtag, created_by, modified_by, created_at, modified_at) values ('uno2', 'Maecenas rhoncus aliquam lacus.', 'Lorem ipsum dolor sit amet, consectetuer adipiscing elit. Proin risus. Praesent lectus.', '#Aquamarine', 'Frederich', 'Mel', '2023-01-17 04:41:21', '2023-12-25 09:15:48');
insert into article (user_id, title, content, hashtag, created_by, modified_by, created_at, modified_at) values ('uno2', 'Mauris enim leo, rhoncus sed, vestibulum sit amet, cursus id, turpis.', 'In hac habitasse platea dictumst. Morbi vestibulum, velit id pretium iaculis, diam erat fermentum justo, nec condimentum neque sapien placerat ante. Nulla justo.', '#Goldenrod', 'Darda', 'Magda', '2023-11-21 01:15:00', '2023-02-21 11:46:20');
insert into article (user_id, title, content, hashtag, created_by, modified_by, created_at, modified_at) values ('uno', 'Donec ut mauris eget massa tempor convallis.', 'Fusce posuere felis sed lacus. Morbi sem mauris, laoreet ut, rhoncus aliquet, pulvinar sed, nisl. Nunc rhoncus dui vel sem.', null, 'Frants', 'Christiano', '2023-11-28 12:34:45', '2023-07-21 17:23:56');
insert into article (user_id, title, content, hashtag, created_by, modified_by, created_at, modified_at) values ('uno', 'Donec quis orci eget orci vehicula condimentum.', 'Donec diam neque, vestibulum eget, vulputate ut, ultrices vel, augue. Vestibulum ante ipsum primis in faucibus orci luctus et ultrices posuere cubilia Curae; Donec pharetra, magna vestibulum aliquet ultrices, erat tortor sollicitudin mi, sit amet lobortis sapien sapien non mi. Integer ac neque.', '#Crimson', 'Esteban', 'Pate', '2023-03-30 00:40:14', '2023-10-11 14:59:54');
insert into article (user_id, title, content, hashtag, created_by, modified_by, created_at, modified_at) values ('uno', 'Ut tellus.', 'Nullam sit amet turpis elementum ligula vehicula consequat. Morbi a ipsum. Integer a nibh.', '#Maroon', 'Diannne', 'Grethel', '2023-06-06 21:16:44', '2023-10-09 14:02:34');
insert into article (user_id, title, content, hashtag, created_by, modified_by, created_at, modified_at) values ('uno', 'Aliquam non mauris.', 'Duis aliquam convallis nunc. Proin at turpis a pede posuere nonummy. Integer non velit.', '#Teal', 'Logan', 'Kelwin', '2023-12-26 00:39:10', '2023-10-14 09:26:12');
insert into article (user_id, title, content, hashtag, created_by, modified_by, created_at, modified_at) values ('uno', 'Pellentesque ultrices mattis odio.', 'Maecenas leo odio, condimentum id, luctus nec, molestie sed, justo. Pellentesque viverra pede ac diam. Cras pellentesque volutpat dui.', '#Khaki', 'Brion', 'Eleonore', '2023-11-26 04:00:33', '2023-05-21 17:24:18');
insert into article (user_id, title, content, hashtag, created_by, modified_by, created_at, modified_at) values ('uno', 'Donec semper sapien a libero.', 'Curabitur in libero ut massa volutpat convallis. Morbi odio odio, elementum eu, interdum eu, tincidunt in, leo. Maecenas pulvinar lobortis est.', null, 'Randell', 'Darnall', '2023-05-13 11:05:15', '2023-05-19 23:08:43');
insert into article (user_id, title, content, hashtag, created_by, modified_by, created_at, modified_at) values ('uno', 'Cras in purus eu magna vulputate luctus.', 'Phasellus in felis. Donec semper sapien a libero. Nam dui.', '#Puce', 'Constantine', 'Rachele', '2023-09-27 00:44:07', '2023-10-17 03:51:29');
insert into article (user_id, title, content, hashtag, created_by, modified_by, created_at, modified_at) values ('uno', 'Phasellus in felis.', 'Aenean lectus. Pellentesque eget nunc. Donec quis orci eget orci vehicula condimentum.', '#Khaki', 'Theresina', 'Isac', '2023-03-21 02:12:22', '2023-08-06 14:34:00');
insert into article (user_id, title, content, hashtag, created_by, modified_by, created_at, modified_at) values ('uno', 'Integer ac neque.', 'Quisque id justo sit amet sapien dignissim vestibulum. Vestibulum ante ipsum primis in faucibus orci luctus et ultrices posuere cubilia Curae; Nulla dapibus dolor vel est. Donec odio justo, sollicitudin ut, suscipit a, feugiat et, eros.', '#Green', 'Nicol', 'Melamie', '2023-12-03 02:49:49', '2023-06-03 15:05:35');
insert into article (user_id, title, content, hashtag, created_by, modified_by, created_at, modified_at) values ('uno', 'Aliquam augue quam, sollicitudin vitae, consectetuer eget, rutrum at, lorem.', 'Proin interdum mauris non ligula pellentesque ultrices. Phasellus id sapien in sapien iaculis congue. Vivamus metus arcu, adipiscing molestie, hendrerit at, vulputate vitae, nisl.', '#Goldenrod', 'Gay', 'Adelaida', '2023-04-12 13:22:39', '2023-05-01 13:54:53');
insert into article (user_id, title, content, hashtag, created_by, modified_by, created_at, modified_at) values ('uno', 'Quisque porta volutpat erat.', 'Vestibulum ac est lacinia nisi venenatis tristique. Fusce congue, diam id ornare imperdiet, sapien urna pretium nisl, ut volutpat sapien arcu sed augue. Aliquam erat volutpat.', '#Orange', 'Anthiathia', 'Annette', '2024-01-10 15:19:25', '2023-12-12 01:10:58');
insert into article (user_id, title, content, hashtag, created_by, modified_by, created_at, modified_at) values ('uno', 'Nulla suscipit ligula in lacus.', 'Donec diam neque, vestibulum eget, vulputate ut, ultrices vel, augue. Vestibulum ante ipsum primis in faucibus orci luctus et ultrices posuere cubilia Curae; Donec pharetra, magna vestibulum aliquet ultrices, erat tortor sollicitudin mi, sit amet lobortis sapien sapien non mi. Integer ac neque.', '#Mauv', 'Wayne', 'Winnah', '2023-06-09 02:52:15', '2024-01-07 08:14:47');
insert into article (user_id, title, content, hashtag, created_by, modified_by, created_at, modified_at) values ('uno', 'Vestibulum ante ipsum primis in faucibus orci luctus et ultrices posuere cubilia Curae; Duis faucibus accumsan odio.', 'Pellentesque at nulla. Suspendisse potenti. Cras in purus eu magna vulputate luctus.', null, 'Zandra', 'Trueman', '2023-02-26 11:54:47', '2023-09-30 13:04:06');
insert into article (user_id, title, content, hashtag, created_by, modified_by, created_at, modified_at) values ('uno', 'Pellentesque eget nunc.', 'Proin eu mi. Nulla ac enim. In tempor, turpis nec euismod scelerisque, quam turpis adipiscing lorem, vitae mattis nibh ligula nec sem.', null, 'Ripley', 'Ximenez', '2023-07-08 11:04:59', '2024-01-11 04:41:12');
insert into article (user_id, title, content, hashtag, created_by, modified_by, created_at, modified_at) values ('uno', 'Fusce congue, diam id ornare imperdiet, sapien urna pretium nisl, ut volutpat sapien arcu sed augue.', 'Maecenas ut massa quis augue luctus tincidunt. Nulla mollis molestie lorem. Quisque ut erat.', '#Yellow', 'Erl', 'Quincy', '2023-04-28 22:50:13', '2023-12-01 21:35:36');
insert into article (user_id, title, content, hashtag, created_by, modified_by, created_at, modified_at) values ('uno', 'Duis ac nibh.', 'Quisque porta volutpat erat. Quisque erat eros, viverra eget, congue eget, semper rutrum, nulla. Nunc purus.', '#Pink', 'Sibylla', 'Lauri', '2023-08-10 10:49:40', '2023-11-08 12:01:50');
insert into article (user_id, title, content, hashtag, created_by, modified_by, created_at, modified_at) values ('uno', 'In hac habitasse platea dictumst.', 'Mauris enim leo, rhoncus sed, vestibulum sit amet, cursus id, turpis. Integer aliquet, massa id lobortis convallis, tortor risus dapibus augue, vel accumsan tellus nisi eu orci. Mauris lacinia sapien quis libero.', null, 'Shawna', 'Hanny', '2023-01-21 05:08:53', '2023-07-02 06:05:32');
insert into article (user_id, title, content, hashtag, created_by, modified_by, created_at, modified_at) values ('uno', 'Nam nulla.', 'In hac habitasse platea dictumst. Morbi vestibulum, velit id pretium iaculis, diam erat fermentum justo, nec condimentum neque sapien placerat ante. Nulla justo.', '#Mauv', 'Faustina', 'Elmer', '2023-06-19 18:33:06', '2023-11-10 12:25:16');
insert into article (user_id, title, content, hashtag, created_by, modified_by, created_at, modified_at) values ('uno', 'Nullam sit amet turpis elementum ligula vehicula consequat.', 'Duis bibendum. Morbi non quam nec dui luctus rutrum. Nulla tellus.', '#Fuscia', 'Lucita', 'Lani', '2023-08-15 09:24:43', '2023-10-08 06:29:46');
insert into article (user_id, title, content, hashtag, created_by, modified_by, created_at, modified_at) values ('uno', 'Proin eu mi.', 'Praesent id massa id nisl venenatis lacinia. Aenean sit amet justo. Morbi ut odio.', '#Pink', 'Anderea', 'West', '2023-05-09 22:40:20', '2023-05-12 15:07:28');
insert into article (user_id, title, content, hashtag, created_by, modified_by, created_at, modified_at) values ('uno', 'Morbi odio odio, elementum eu, interdum eu, tincidunt in, leo.', 'In hac habitasse platea dictumst. Etiam faucibus cursus urna. Ut tellus.', null, 'Lucian', 'Garrik', '2023-07-29 04:46:13', '2023-10-30 23:46:55');
insert into article (user_id, title, content, hashtag, created_by, modified_by, created_at, modified_at) values ('uno', 'Vivamus in felis eu sapien cursus vestibulum.', 'Vestibulum quam sapien, varius ut, blandit non, interdum in, ante. Vestibulum ante ipsum primis in faucibus orci luctus et ultrices posuere cubilia Curae; Duis faucibus accumsan odio. Curabitur convallis.', '#Blue', 'Orlando', 'Sonnnie', '2023-06-08 02:19:23', '2023-03-06 23:35:40');
insert into article (user_id, title, content, hashtag, created_by, modified_by, created_at, modified_at) values ('uno', 'Nulla tempus.', 'Praesent id massa id nisl venenatis lacinia. Aenean sit amet justo. Morbi ut odio.', '#Green', 'Bab', 'Batsheva', '2023-12-01 16:28:14', '2023-05-27 02:07:04');
insert into article (user_id, title, content, hashtag, created_by, modified_by, created_at, modified_at) values ('uno', 'Suspendisse potenti.', 'In hac habitasse platea dictumst. Morbi vestibulum, velit id pretium iaculis, diam erat fermentum justo, nec condimentum neque sapien placerat ante. Nulla justo.', '#Red', 'Romy', 'Joseito', '2023-08-18 01:43:00', '2023-11-19 23:49:15');
insert into article (user_id, title, content, hashtag, created_by, modified_by, created_at, modified_at) values ('uno', 'Praesent lectus.', 'Quisque porta volutpat erat. Quisque erat eros, viverra eget, congue eget, semper rutrum, nulla. Nunc purus.', '#Green', 'Milt', 'Normand', '2023-01-26 06:06:45', '2023-04-01 08:57:11');
insert into article (user_id, title, content, hashtag, created_by, modified_by, created_at, modified_at) values ('uno', 'Nam tristique tortor eu pede.', 'Aenean lectus. Pellentesque eget nunc. Donec quis orci eget orci vehicula condimentum.', null, 'Gavin', 'Lucinda', '2023-06-24 03:04:29', '2023-11-23 09:05:39');
insert into article (user_id, title, content, hashtag, created_by, modified_by, created_at, modified_at) values ('uno', 'Donec ut dolor.', 'Nullam porttitor lacus at turpis. Donec posuere metus vitae ipsum. Aliquam non mauris.', '#Khaki', 'Malinde', 'Amelia', '2023-02-13 20:30:49', '2023-11-23 02:42:43');
insert into article (user_id, title, content, hashtag, created_by, modified_by, created_at, modified_at) values ('uno', 'Vestibulum ante ipsum primis in faucibus orci luctus et ultrices posuere cubilia Curae; Donec pharetra, magna vestibulum aliquet ultrices, erat tortor sollicitudin mi, sit amet lobortis sapien sapien non mi.', 'Phasellus in felis. Donec semper sapien a libero. Nam dui.', '#Green', 'Mayne', 'Jocko', '2023-06-15 06:34:12', '2023-04-25 16:04:51');
insert into article (user_id, title, content, hashtag, created_by, modified_by, created_at, modified_at) values ('uno', 'Vivamus metus arcu, adipiscing molestie, hendrerit at, vulputate vitae, nisl.', 'Lorem ipsum dolor sit amet, consectetuer adipiscing elit. Proin risus. Praesent lectus.', '#Purple', 'Katey', 'Hyacinthe', '2023-11-23 06:27:11', '2023-12-03 20:31:41');
insert into article (user_id, title, content, hashtag, created_by, modified_by, created_at, modified_at) values ('uno', 'Integer pede justo, lacinia eget, tincidunt eget, tempus vel, pede.', 'Cras mi pede, malesuada in, imperdiet et, commodo vulputate, justo. In blandit ultrices enim. Lorem ipsum dolor sit amet, consectetuer adipiscing elit.', '#Red', 'Karie', 'Barbabas', '2023-11-03 02:41:52', '2023-05-20 13:33:58');
insert into article (user_id, title, content, hashtag, created_by, modified_by, created_at, modified_at) values ('uno', 'Donec vitae nisi.', 'Etiam vel augue. Vestibulum rutrum rutrum neque. Aenean auctor gravida sem.', '#Maroon', 'Nataniel', 'Stacy', '2023-05-10 01:04:09', '2023-04-22 18:45:52');
insert into article (user_id, title, content, hashtag, created_by, modified_by, created_at, modified_at) values ('uno', 'In hac habitasse platea dictumst.', 'Nullam sit amet turpis elementum ligula vehicula consequat. Morbi a ipsum. Integer a nibh.', '#Red', 'Angelique', 'Dan', '2023-07-24 02:52:12', '2023-10-29 21:46:33');
insert into article (user_id, title, content, hashtag, created_by, modified_by, created_at, modified_at) values ('uno', 'Nullam sit amet turpis elementum ligula vehicula consequat.', 'Phasellus in felis. Donec semper sapien a libero. Nam dui.', '#Aquamarine', 'Shir', 'Atlanta', '2023-04-08 00:38:34', '2023-10-30 01:20:47');
insert into article (user_id, title, content, hashtag, created_by, modified_by, created_at, modified_at) values ('uno', 'Maecenas leo odio, condimentum id, luctus nec, molestie sed, justo.', 'Quisque id justo sit amet sapien dignissim vestibulum. Vestibulum ante ipsum primis in faucibus orci luctus et ultrices posuere cubilia Curae; Nulla dapibus dolor vel est. Donec odio justo, sollicitudin ut, suscipit a, feugiat et, eros.', null, 'Corbet', 'Stevie', '2023-08-06 06:49:09', '2023-05-22 19:33:35');
insert into article (user_id, title, content, hashtag, created_by, modified_by, created_at, modified_at) values ('uno', 'Morbi vestibulum, velit id pretium iaculis, diam erat fermentum justo, nec condimentum neque sapien placerat ante.', 'Duis bibendum, felis sed interdum venenatis, turpis enim blandit mi, in porttitor pede justo eu massa. Donec dapibus. Duis at velit eu est congue elementum.', '#Teal', 'Hersh', 'Demetra', '2023-08-01 13:27:44', '2023-12-23 22:26:41');
insert into article (user_id, title, content, hashtag, created_by, modified_by, created_at, modified_at) values ('uno', 'In tempor, turpis nec euismod scelerisque, quam turpis adipiscing lorem, vitae mattis nibh ligula nec sem.', 'Curabitur at ipsum ac tellus semper interdum. Mauris ullamcorper purus sit amet nulla. Quisque arcu libero, rutrum ac, lobortis vel, dapibus at, diam.', '#Crimson', 'Jonie', 'Mickey', '2023-12-01 16:35:07', '2023-10-21 14:19:19');
insert into article (user_id, title, content, hashtag, created_by, modified_by, created_at, modified_at) values ('uno', 'Nunc nisl.', 'Nam ultrices, libero non mattis pulvinar, nulla pede ullamcorper augue, a suscipit nulla elit ac nulla. Sed vel enim sit amet nunc viverra dapibus. Nulla suscipit ligula in lacus.', '#Blue', 'Rennie', 'Chantalle', '2023-03-10 05:37:51', '2023-04-29 04:48:00');
insert into article (user_id, title, content, hashtag, created_by, modified_by, created_at, modified_at) values ('uno', 'Integer tincidunt ante vel ipsum.', 'Proin leo odio, porttitor id, consequat in, consequat ut, nulla. Sed accumsan felis. Ut at dolor quis odio consequat varius.', '#Indigo', 'Becky', 'Niki', '2023-09-30 05:38:45', '2023-06-16 09:32:20');
insert into article (user_id, title, content, hashtag, created_by, modified_by, created_at, modified_at) values ('uno', 'In hac habitasse platea dictumst.', 'Curabitur at ipsum ac tellus semper interdum. Mauris ullamcorper purus sit amet nulla. Quisque arcu libero, rutrum ac, lobortis vel, dapibus at, diam.', '#Violet', 'Annissa', 'Julie', '2023-08-15 23:12:09', '2024-01-13 14:09:29');
insert into article (user_id, title, content, hashtag, created_by, modified_by, created_at, modified_at) values ('uno', 'Maecenas ut massa quis augue luctus tincidunt.', 'Curabitur in libero ut massa volutpat convallis. Morbi odio odio, elementum eu, interdum eu, tincidunt in, leo. Maecenas pulvinar lobortis est.', '#Crimson', 'Rhetta', 'Allison', '2023-10-20 15:52:35', '2023-01-25 06:41:53');
insert into article (user_id, title, content, hashtag, created_by, modified_by, created_at, modified_at) values ('uno', 'Cras pellentesque volutpat dui.', 'Vestibulum quam sapien, varius ut, blandit non, interdum in, ante. Vestibulum ante ipsum primis in faucibus orci luctus et ultrices posuere cubilia Curae; Duis faucibus accumsan odio. Curabitur convallis.', '#Puce', 'Brig', 'Dannie', '2023-12-31 00:59:16', '2023-04-09 17:37:24');
insert into article (user_id, title, content, hashtag, created_by, modified_by, created_at, modified_at) values ('uno', 'Integer ac neque.', 'In hac habitasse platea dictumst. Morbi vestibulum, velit id pretium iaculis, diam erat fermentum justo, nec condimentum neque sapien placerat ante. Nulla justo.', '#Mauv', 'Wileen', 'Temple', '2023-09-15 20:26:37', '2023-04-17 23:51:19');
insert into article (user_id, title, content, hashtag, created_by, modified_by, created_at, modified_at) values ('uno', 'Aliquam non mauris.', 'Morbi non lectus. Aliquam sit amet diam in magna bibendum imperdiet. Nullam orci pede, venenatis non, sodales sed, tincidunt eu, felis.', '#Pink', 'Ursala', 'Kincaid', '2023-10-13 20:14:30', '2023-05-06 14:18:06');
insert into article (user_id, title, content, hashtag, created_by, modified_by, created_at, modified_at) values ('uno', 'Nullam orci pede, venenatis non, sodales sed, tincidunt eu, felis.', 'Phasellus in felis. Donec semper sapien a libero. Nam dui.', null, 'Myrtice', 'Brooks', '2023-08-02 19:39:10', '2023-12-30 20:01:05');
insert into article (user_id, title, content, hashtag, created_by, modified_by, created_at, modified_at) values ('uno', 'Nullam sit amet turpis elementum ligula vehicula consequat.', 'Suspendisse potenti. In eleifend quam a odio. In hac habitasse platea dictumst.', '#Green', 'Sterne', 'Jessalyn', '2023-12-20 17:35:14', '2023-12-29 12:42:26');
insert into article (user_id, title, content, hashtag, created_by, modified_by, created_at, modified_at) values ('uno', 'In sagittis dui vel nisl.', 'Cras mi pede, malesuada in, imperdiet et, commodo vulputate, justo. In blandit ultrices enim. Lorem ipsum dolor sit amet, consectetuer adipiscing elit.', '#Aquamarine', 'Leroy', 'Edouard', '2023-12-28 10:50:56', '2023-05-23 13:16:38');
insert into article (user_id, title, content, hashtag, created_by, modified_by, created_at, modified_at) values ('uno', 'Quisque porta volutpat erat.', 'Cras non velit nec nisi vulputate nonummy. Maecenas tincidunt lacus at velit. Vivamus vel nulla eget eros elementum pellentesque.', '#Indigo', 'Helenelizabeth', 'Colene', '2023-04-27 20:24:06', '2023-05-17 04:11:37');
insert into article (user_id, title, content, hashtag, created_by, modified_by, created_at, modified_at) values ('uno', 'Duis consequat dui nec nisi volutpat eleifend.', 'Praesent id massa id nisl venenatis lacinia. Aenean sit amet justo. Morbi ut odio.', '#Crimson', 'Yorgo', 'Tobi', '2023-12-14 23:06:18', '2023-05-04 16:15:58');
insert into article (user_id, title, content, hashtag, created_by, modified_by, created_at, modified_at) values ('uno', 'Donec odio justo, sollicitudin ut, suscipit a, feugiat et, eros.', 'Nullam porttitor lacus at turpis. Donec posuere metus vitae ipsum. Aliquam non mauris.', null, 'Emlyn', 'Gaylene', '2023-10-01 12:05:33', '2023-07-05 18:08:55');
insert into article (user_id, title, content, hashtag, created_by, modified_by, created_at, modified_at) values ('uno', 'Vestibulum ante ipsum primis in faucibus orci luctus et ultrices posuere cubilia Curae; Mauris viverra diam vitae quam.', 'Nullam porttitor lacus at turpis. Donec posuere metus vitae ipsum. Aliquam non mauris.', null, 'Delmore', 'Arvy', '2023-02-23 14:33:43', '2023-05-11 16:21:53');
insert into article (user_id, title, content, hashtag, created_by, modified_by, created_at, modified_at) values ('uno', 'Nullam varius.', 'Vestibulum ac est lacinia nisi venenatis tristique. Fusce congue, diam id ornare imperdiet, sapien urna pretium nisl, ut volutpat sapien arcu sed augue. Aliquam erat volutpat.', '#Mauv', 'Madelon', 'Gallard', '2023-07-28 21:52:16', '2023-12-09 14:29:40');
insert into article (user_id, title, content, hashtag, created_by, modified_by, created_at, modified_at) values ('uno', 'Maecenas tincidunt lacus at velit.', 'Nullam porttitor lacus at turpis. Donec posuere metus vitae ipsum. Aliquam non mauris.', '#Yellow', 'Carlina', 'Sylvan', '2024-01-03 13:30:39', '2023-08-22 09:53:26');
insert into article (user_id, title, content, hashtag, created_by, modified_by, created_at, modified_at) values ('uno', 'Proin at turpis a pede posuere nonummy.', 'Integer tincidunt ante vel ipsum. Praesent blandit lacinia erat. Vestibulum sed magna at nunc commodo placerat.', '#Puce', 'Alfons', 'Micky', '2023-10-07 04:59:14', '2023-05-20 01:48:32');
insert into article (user_id, title, content, hashtag, created_by, modified_by, created_at, modified_at) values ('uno', 'Aenean lectus.', 'Curabitur at ipsum ac tellus semper interdum. Mauris ullamcorper purus sit amet nulla. Quisque arcu libero, rutrum ac, lobortis vel, dapibus at, diam.', '#Pink', 'Idaline', 'Padriac', '2023-08-15 00:55:15', '2023-09-04 23:33:09');
insert into article (user_id, title, content, hashtag, created_by, modified_by, created_at, modified_at) values ('uno', 'Integer tincidunt ante vel ipsum.', 'Curabitur in libero ut massa volutpat convallis. Morbi odio odio, elementum eu, interdum eu, tincidunt in, leo. Maecenas pulvinar lobortis est.', null, 'Tilda', 'Basil', '2023-02-27 03:46:42', '2023-08-31 01:01:57');
insert into article (user_id, title, content, hashtag, created_by, modified_by, created_at, modified_at) values ('uno', 'Aenean sit amet justo.', 'Maecenas ut massa quis augue luctus tincidunt. Nulla mollis molestie lorem. Quisque ut erat.', null, 'Jocelyne', 'Almira', '2023-12-04 13:44:19', '2023-11-17 16:24:48');
insert into article (user_id, title, content, hashtag, created_by, modified_by, created_at, modified_at) values ('uno', 'Nulla ut erat id mauris vulputate elementum.', 'Vestibulum quam sapien, varius ut, blandit non, interdum in, ante. Vestibulum ante ipsum primis in faucibus orci luctus et ultrices posuere cubilia Curae; Duis faucibus accumsan odio. Curabitur convallis.', '#Turquoise', 'Cosmo', 'Karie', '2023-03-29 21:25:24', '2023-10-20 23:34:24');
insert into article (user_id, title, content, hashtag, created_by, modified_by, created_at, modified_at) values ('uno', 'In hac habitasse platea dictumst.', 'Curabitur at ipsum ac tellus semper interdum. Mauris ullamcorper purus sit amet nulla. Quisque arcu libero, rutrum ac, lobortis vel, dapibus at, diam.', '#Green', 'Starr', 'Jason', '2023-06-27 15:12:35', '2023-07-15 01:01:23');
insert into article (user_id, title, content, hashtag, created_by, modified_by, created_at, modified_at) values ('uno', 'Cum sociis natoque penatibus et magnis dis parturient montes, nascetur ridiculus mus.', 'Vestibulum ac est lacinia nisi venenatis tristique. Fusce congue, diam id ornare imperdiet, sapien urna pretium nisl, ut volutpat sapien arcu sed augue. Aliquam erat volutpat.', '#Red', 'Florida', 'Chaddy', '2023-09-13 14:53:40', '2023-09-10 18:42:36');
insert into article (user_id, title, content, hashtag, created_by, modified_by, created_at, modified_at) values ('uno', 'Nullam orci pede, venenatis non, sodales sed, tincidunt eu, felis.', 'Maecenas ut massa quis augue luctus tincidunt. Nulla mollis molestie lorem. Quisque ut erat.', '#Mauv', 'Fayette', 'Gregorius', '2023-01-16 17:27:15', '2024-01-05 01:18:19');
insert into article (user_id, title, content, hashtag, created_by, modified_by, created_at, modified_at) values ('uno', 'Duis at velit eu est congue elementum.', 'In hac habitasse platea dictumst. Etiam faucibus cursus urna. Ut tellus.', '#Indigo', 'Fairleigh', 'Victoria', '2023-02-20 21:44:55', '2023-08-15 23:32:33');
insert into article (user_id, title, content, hashtag, created_by, modified_by, created_at, modified_at) values ('uno', 'Vestibulum ante ipsum primis in faucibus orci luctus et ultrices posuere cubilia Curae; Duis faucibus accumsan odio.', 'Sed ante. Vivamus tortor. Duis mattis egestas metus.', '#Pink', 'Margit', 'Adelheid', '2023-05-31 16:19:29', '2023-02-16 08:05:27');
insert into article (user_id, title, content, hashtag, created_by, modified_by, created_at, modified_at) values ('uno', 'Donec posuere metus vitae ipsum.', 'Vestibulum quam sapien, varius ut, blandit non, interdum in, ante. Vestibulum ante ipsum primis in faucibus orci luctus et ultrices posuere cubilia Curae; Duis faucibus accumsan odio. Curabitur convallis.', '#Mauv', 'Frasquito', 'Denice', '2023-09-01 06:51:08', '2023-09-18 09:05:22');

-- 300 개의 댓글
insert into article_comment (article_id, user_id, content, created_by, modified_by, created_at, modified_at) values (24, 'uno', 'Suspendisse potenti. In eleifend quam a odio. In hac habitasse platea dictumst.', 'Lanie', 'Aldous', '2023-03-13 12:04:16', '2023-10-19 02:29:30');
insert into article_comment (article_id, user_id, content, created_by, modified_by, created_at, modified_at) values (123, 'uno', 'Phasellus sit amet erat. Nulla tempus. Vivamus in felis eu sapien cursus vestibulum.', 'Sebastian', 'Matilda', '2023-07-25 11:15:07', '2023-07-05 03:10:28');
insert into article_comment (article_id, user_id, content, created_by, modified_by, created_at, modified_at) values (83, 'uno', 'Aliquam quis turpis eget elit sodales scelerisque. Mauris sit amet eros. Suspendisse accumsan tortor quis turpis.', 'Consuela', 'Ambros', '2023-12-26 14:49:07', '2023-06-25 15:25:51');
insert into article_comment (article_id, user_id, content, created_by, modified_by, created_at, modified_at) values (83, 'uno', 'Curabitur gravida nisi at nibh. In hac habitasse platea dictumst. Aliquam augue quam, sollicitudin vitae, consectetuer eget, rutrum at, lorem.', 'Austin', 'Noelyn', '2023-05-17 11:19:10', '2023-11-19 22:27:08');
insert into article_comment (article_id, user_id, content, created_by, modified_by, created_at, modified_at) values (116, 'uno', 'Duis consequat dui nec nisi volutpat eleifend. Donec ut dolor. Morbi vel lectus in quam fringilla rhoncus.', 'Anselm', 'Lloyd', '2023-05-07 11:11:13', '2023-09-28 16:21:50');
insert into article_comment (article_id, user_id, content, created_by, modified_by, created_at, modified_at) values (17, 'uno', 'Vestibulum quam sapien, varius ut, blandit non, interdum in, ante. Vestibulum ante ipsum primis in faucibus orci luctus et ultrices posuere cubilia Curae; Duis faucibus accumsan odio. Curabitur convallis.', 'Jacquie', 'Perla', '2023-08-25 16:14:53', '2023-08-13 09:43:31');
insert into article_comment (article_id, user_id, content, created_by, modified_by, created_at, modified_at) values (72, 'uno', 'Mauris enim leo, rhoncus sed, vestibulum sit amet, cursus id, turpis. Integer aliquet, massa id lobortis convallis, tortor risus dapibus augue, vel accumsan tellus nisi eu orci. Mauris lacinia sapien quis libero.', 'Leelah', 'Lorrie', '2023-04-26 16:01:02', '2023-11-04 22:07:52');
insert into article_comment (article_id, user_id, content, created_by, modified_by, created_at, modified_at) values (111, 'uno', 'Integer tincidunt ante vel ipsum. Praesent blandit lacinia erat. Vestibulum sed magna at nunc commodo placerat.', 'Lew', 'Flynn', '2023-05-06 07:28:23', '2023-02-16 03:58:45');
insert into article_comment (article_id, user_id, content, created_by, modified_by, created_at, modified_at) values (63, 'uno', 'Integer ac leo. Pellentesque ultrices mattis odio. Donec vitae nisi.', 'Tera', 'Burk', '2023-09-15 17:46:05', '2023-02-11 14:03:49');
insert into article_comment (article_id, user_id, content, created_by, modified_by, created_at, modified_at) values (93, 'uno', 'Fusce posuere felis sed lacus. Morbi sem mauris, laoreet ut, rhoncus aliquet, pulvinar sed, nisl. Nunc rhoncus dui vel sem.', 'Delora', 'Livvyy', '2023-12-10 09:16:52', '2023-03-21 10:34:03');
insert into article_comment (article_id, user_id, content, created_by, modified_by, created_at, modified_at) values (20, 'uno', 'Nulla ut erat id mauris vulputate elementum. Nullam varius. Nulla facilisi.', 'Audi', 'Reggi', '2023-07-24 10:47:04', '2023-09-14 11:05:36');
insert into article_comment (article_id, user_id, content, created_by, modified_by, created_at, modified_at) values (50, 'uno', 'Nullam porttitor lacus at turpis. Donec posuere metus vitae ipsum. Aliquam non mauris.', 'Maxi', 'Shauna', '2023-04-19 12:08:26', '2023-05-25 09:20:17');
insert into article_comment (article_id, user_id, content, created_by, modified_by, created_at, modified_at) values (111, 'uno', 'Nullam sit amet turpis elementum ligula vehicula consequat. Morbi a ipsum. Integer a nibh.', 'Beniamino', 'Bennie', '2023-10-16 22:42:56', '2023-06-15 05:28:22');
insert into article_comment (article_id, user_id, content, created_by, modified_by, created_at, modified_at) values (103, 'uno', 'Duis aliquam convallis nunc. Proin at turpis a pede posuere nonummy. Integer non velit.', 'Wilone', 'Salomi', '2023-01-16 17:09:17', '2023-12-22 18:21:36');
insert into article_comment (article_id, user_id, content, created_by, modified_by, created_at, modified_at) values (51, 'uno', 'Aliquam quis turpis eget elit sodales scelerisque. Mauris sit amet eros. Suspendisse accumsan tortor quis turpis.', 'Raffarty', 'Port', '2023-03-26 08:03:03', '2023-12-08 11:20:18');
insert into article_comment (article_id, user_id, content, created_by, modified_by, created_at, modified_at) values (13, 'uno', 'Curabitur in libero ut massa volutpat convallis. Morbi odio odio, elementum eu, interdum eu, tincidunt in, leo. Maecenas pulvinar lobortis est.', 'Eveline', 'Nichol', '2023-08-05 22:16:40', '2023-07-29 17:07:00');
insert into article_comment (article_id, user_id, content, created_by, modified_by, created_at, modified_at) values (9, 'uno', 'Aenean lectus. Pellentesque eget nunc. Donec quis orci eget orci vehicula condimentum.', 'Grethel', 'Mildred', '2023-05-04 22:52:47', '2023-04-19 06:56:32');
insert into article_comment (article_id, user_id, content, created_by, modified_by, created_at, modified_at) values (95, 'uno', 'Nam ultrices, libero non mattis pulvinar, nulla pede ullamcorper augue, a suscipit nulla elit ac nulla. Sed vel enim sit amet nunc viverra dapibus. Nulla suscipit ligula in lacus.', 'Ardis', 'Clarance', '2023-04-07 11:30:12', '2023-11-28 02:54:50');
insert into article_comment (article_id, user_id, content, created_by, modified_by, created_at, modified_at) values (18, 'uno', 'Suspendisse potenti. In eleifend quam a odio. In hac habitasse platea dictumst.', 'Krisha', 'Martita', '2023-04-23 02:11:27', '2023-06-09 15:26:12');
insert into article_comment (article_id, user_id, content, created_by, modified_by, created_at, modified_at) values (101, 'uno', 'Cras non velit nec nisi vulputate nonummy. Maecenas tincidunt lacus at velit. Vivamus vel nulla eget eros elementum pellentesque.', 'Felisha', 'Belicia', '2023-05-19 18:44:17', '2023-06-22 11:59:41');
insert into article_comment (article_id, user_id, content, created_by, modified_by, created_at, modified_at) values (37, 'uno', 'Morbi non lectus. Aliquam sit amet diam in magna bibendum imperdiet. Nullam orci pede, venenatis non, sodales sed, tincidunt eu, felis.', 'Johann', 'Percival', '2023-12-07 20:07:52', '2023-12-30 05:03:18');
insert into article_comment (article_id, user_id, content, created_by, modified_by, created_at, modified_at) values (50, 'uno', 'Duis bibendum, felis sed interdum venenatis, turpis enim blandit mi, in porttitor pede justo eu massa. Donec dapibus. Duis at velit eu est congue elementum.', 'Donna', 'Lurette', '2023-10-07 22:34:36', '2023-09-30 04:35:05');
insert into article_comment (article_id, user_id, content, created_by, modified_by, created_at, modified_at) values (119, 'uno', 'In sagittis dui vel nisl. Duis ac nibh. Fusce lacus purus, aliquet at, feugiat non, pretium quis, lectus.', 'Giacomo', 'Corry', '2024-01-10 11:10:29', '2023-07-14 19:37:33');
insert into article_comment (article_id, user_id, content, created_by, modified_by, created_at, modified_at) values (21, 'uno', 'Duis bibendum, felis sed interdum venenatis, turpis enim blandit mi, in porttitor pede justo eu massa. Donec dapibus. Duis at velit eu est congue elementum.', 'Leonid', 'Rickey', '2023-05-27 19:42:57', '2023-10-11 18:09:13');
insert into article_comment (article_id, user_id, content, created_by, modified_by, created_at, modified_at) values (123, 'uno', 'In sagittis dui vel nisl. Duis ac nibh. Fusce lacus purus, aliquet at, feugiat non, pretium quis, lectus.', 'Farrah', 'Leicester', '2023-06-20 10:58:40', '2023-03-23 22:12:05');
insert into article_comment (article_id, user_id, content, created_by, modified_by, created_at, modified_at) values (90, 'uno', 'Aenean lectus. Pellentesque eget nunc. Donec quis orci eget orci vehicula condimentum.', 'Selinda', 'Faydra', '2023-08-13 09:00:00', '2023-04-03 02:00:45');
insert into article_comment (article_id, user_id, content, created_by, modified_by, created_at, modified_at) values (113, 'uno', 'Sed sagittis. Nam congue, risus semper porta volutpat, quam pede lobortis ligula, sit amet eleifend pede libero quis orci. Nullam molestie nibh in lectus.', 'Tamqrah', 'Gabriella', '2023-09-28 22:44:58', '2023-06-04 22:11:18');
insert into article_comment (article_id, user_id, content, created_by, modified_by, created_at, modified_at) values (61, 'uno', 'Maecenas ut massa quis augue luctus tincidunt. Nulla mollis molestie lorem. Quisque ut erat.', 'Winn', 'Karol', '2023-04-21 20:53:26', '2023-06-16 21:10:50');
insert into article_comment (article_id, user_id, content, created_by, modified_by, created_at, modified_at) values (82, 'uno', 'Cum sociis natoque penatibus et magnis dis parturient montes, nascetur ridiculus mus. Vivamus vestibulum sagittis sapien. Cum sociis natoque penatibus et magnis dis parturient montes, nascetur ridiculus mus.', 'Kathy', 'Benetta', '2023-09-13 16:46:15', '2023-04-13 04:13:05');
insert into article_comment (article_id, user_id, content, created_by, modified_by, created_at, modified_at) values (76, 'uno', 'Maecenas ut massa quis augue luctus tincidunt. Nulla mollis molestie lorem. Quisque ut erat.', 'Helenelizabeth', 'Andriette', '2023-12-17 02:02:39', '2024-01-03 00:24:53');
insert into article_comment (article_id, user_id, content, created_by, modified_by, created_at, modified_at) values (111, 'uno', 'Etiam vel augue. Vestibulum rutrum rutrum neque. Aenean auctor gravida sem.', 'Felix', 'Urbano', '2023-09-05 15:46:56', '2023-11-19 20:23:09');
insert into article_comment (article_id, user_id, content, created_by, modified_by, created_at, modified_at) values (83, 'uno', 'In hac habitasse platea dictumst. Morbi vestibulum, velit id pretium iaculis, diam erat fermentum justo, nec condimentum neque sapien placerat ante. Nulla justo.', 'Korry', 'Tove', '2023-02-18 22:11:26', '2023-10-01 16:40:59');
insert into article_comment (article_id, user_id, content, created_by, modified_by, created_at, modified_at) values (118, 'uno', 'Vestibulum ac est lacinia nisi venenatis tristique. Fusce congue, diam id ornare imperdiet, sapien urna pretium nisl, ut volutpat sapien arcu sed augue. Aliquam erat volutpat.', 'Marlee', 'Lucia', '2023-06-25 11:44:23', '2023-05-12 12:07:38');
insert into article_comment (article_id, user_id, content, created_by, modified_by, created_at, modified_at) values (21, 'uno', 'In hac habitasse platea dictumst. Etiam faucibus cursus urna. Ut tellus.', 'Bink', 'Lynnett', '2024-01-02 14:57:21', '2023-02-16 06:05:33');
insert into article_comment (article_id, user_id, content, created_by, modified_by, created_at, modified_at) values (55, 'uno', 'Nullam sit amet turpis elementum ligula vehicula consequat. Morbi a ipsum. Integer a nibh.', 'Camella', 'Jillian', '2023-10-10 16:08:55', '2023-09-25 16:19:35');
insert into article_comment (article_id, user_id, content, created_by, modified_by, created_at, modified_at) values (35, 'uno', 'Quisque id justo sit amet sapien dignissim vestibulum. Vestibulum ante ipsum primis in faucibus orci luctus et ultrices posuere cubilia Curae; Nulla dapibus dolor vel est. Donec odio justo, sollicitudin ut, suscipit a, feugiat et, eros.', 'Flemming', 'Charmian', '2023-11-11 04:25:58', '2023-07-03 22:35:26');
insert into article_comment (article_id, user_id, content, created_by, modified_by, created_at, modified_at) values (44, 'uno', 'Morbi non lectus. Aliquam sit amet diam in magna bibendum imperdiet. Nullam orci pede, venenatis non, sodales sed, tincidunt eu, felis.', 'Bear', 'Darcy', '2023-04-04 01:42:01', '2023-12-22 02:11:14');
insert into article_comment (article_id, user_id, content, created_by, modified_by, created_at, modified_at) values (26, 'uno', 'Morbi non lectus. Aliquam sit amet diam in magna bibendum imperdiet. Nullam orci pede, venenatis non, sodales sed, tincidunt eu, felis.', 'Sharona', 'Jillayne', '2023-10-05 14:30:16', '2023-08-14 14:18:34');
insert into article_comment (article_id, user_id, content, created_by, modified_by, created_at, modified_at) values (19, 'uno', 'In sagittis dui vel nisl. Duis ac nibh. Fusce lacus purus, aliquet at, feugiat non, pretium quis, lectus.', 'Nathalia', 'Hertha', '2023-07-16 18:57:26', '2023-03-19 17:23:42');
insert into article_comment (article_id, user_id, content, created_by, modified_by, created_at, modified_at) values (26, 'uno', 'Duis bibendum, felis sed interdum venenatis, turpis enim blandit mi, in porttitor pede justo eu massa. Donec dapibus. Duis at velit eu est congue elementum.', 'Cathryn', 'Rosita', '2023-11-05 01:47:40', '2023-07-14 08:05:33');
insert into article_comment (article_id, user_id, content, created_by, modified_by, created_at, modified_at) values (85, 'uno', 'Integer ac leo. Pellentesque ultrices mattis odio. Donec vitae nisi.', 'Griffie', 'Catlee', '2023-09-09 23:08:23', '2023-05-08 22:53:45');
insert into article_comment (article_id, user_id, content, created_by, modified_by, created_at, modified_at) values (123, 'uno', 'Aliquam quis turpis eget elit sodales scelerisque. Mauris sit amet eros. Suspendisse accumsan tortor quis turpis.', 'Batholomew', 'Arabel', '2023-11-24 07:22:27', '2024-01-01 03:38:05');
insert into article_comment (article_id, user_id, content, created_by, modified_by, created_at, modified_at) values (34, 'uno', 'Duis bibendum, felis sed interdum venenatis, turpis enim blandit mi, in porttitor pede justo eu massa. Donec dapibus. Duis at velit eu est congue elementum.', 'Jourdan', 'Cesare', '2023-12-30 13:04:57', '2023-11-07 19:20:56');
insert into article_comment (article_id, user_id, content, created_by, modified_by, created_at, modified_at) values (94, 'uno', 'Donec diam neque, vestibulum eget, vulputate ut, ultrices vel, augue. Vestibulum ante ipsum primis in faucibus orci luctus et ultrices posuere cubilia Curae; Donec pharetra, magna vestibulum aliquet ultrices, erat tortor sollicitudin mi, sit amet lobortis sapien sapien non mi. Integer ac neque.', 'Harp', 'Corliss', '2023-09-14 23:10:49', '2023-03-14 02:52:20');
insert into article_comment (article_id, user_id, content, created_by, modified_by, created_at, modified_at) values (39, 'uno', 'Praesent id massa id nisl venenatis lacinia. Aenean sit amet justo. Morbi ut odio.', 'Beryle', 'Gizela', '2023-08-16 10:19:53', '2023-06-06 19:49:23');
insert into article_comment (article_id, user_id, content, created_by, modified_by, created_at, modified_at) values (74, 'uno', 'Proin eu mi. Nulla ac enim. In tempor, turpis nec euismod scelerisque, quam turpis adipiscing lorem, vitae mattis nibh ligula nec sem.', 'Hardy', 'Michail', '2023-09-18 16:23:47', '2023-12-02 00:24:50');
insert into article_comment (article_id, user_id, content, created_by, modified_by, created_at, modified_at) values (18, 'uno', 'Fusce posuere felis sed lacus. Morbi sem mauris, laoreet ut, rhoncus aliquet, pulvinar sed, nisl. Nunc rhoncus dui vel sem.', 'Bambie', 'Danika', '2023-09-05 06:01:07', '2023-04-23 04:03:05');
insert into article_comment (article_id, user_id, content, created_by, modified_by, created_at, modified_at) values (9, 'uno', 'Integer ac leo. Pellentesque ultrices mattis odio. Donec vitae nisi.', 'Ines', 'Gannon', '2023-09-09 13:54:59', '2023-11-08 03:16:30');
insert into article_comment (article_id, user_id, content, created_by, modified_by, created_at, modified_at) values (89, 'uno', 'In sagittis dui vel nisl. Duis ac nibh. Fusce lacus purus, aliquet at, feugiat non, pretium quis, lectus.', 'Charil', 'Carlynne', '2023-06-13 18:42:00', '2023-03-15 14:02:01');
insert into article_comment (article_id, user_id, content, created_by, modified_by, created_at, modified_at) values (70, 'uno', 'Praesent id massa id nisl venenatis lacinia. Aenean sit amet justo. Morbi ut odio.', 'Genvieve', 'Arnuad', '2023-09-27 12:00:43', '2023-07-02 07:45:58');
insert into article_comment (article_id, user_id, content, created_by, modified_by, created_at, modified_at) values (73, 'uno', 'Nullam sit amet turpis elementum ligula vehicula consequat. Morbi a ipsum. Integer a nibh.', 'Floria', 'Franky', '2023-06-27 09:52:23', '2023-05-30 15:48:44');
insert into article_comment (article_id, user_id, content, created_by, modified_by, created_at, modified_at) values (45, 'uno', 'In hac habitasse platea dictumst. Etiam faucibus cursus urna. Ut tellus.', 'Marris', 'Elizabet', '2023-10-10 15:43:04', '2023-01-23 19:05:13');
insert into article_comment (article_id, user_id, content, created_by, modified_by, created_at, modified_at) values (43, 'uno', 'In quis justo. Maecenas rhoncus aliquam lacus. Morbi quis tortor id nulla ultrices aliquet.', 'Walt', 'Benedetta', '2023-05-21 18:56:32', '2023-08-29 13:46:21');
insert into article_comment (article_id, user_id, content, created_by, modified_by, created_at, modified_at) values (59, 'uno', 'Phasellus in felis. Donec semper sapien a libero. Nam dui.', 'Stella', 'Bernardine', '2023-06-21 09:20:13', '2023-05-02 06:25:13');
insert into article_comment (article_id, user_id, content, created_by, modified_by, created_at, modified_at) values (3, 'uno', 'Praesent blandit. Nam nulla. Integer pede justo, lacinia eget, tincidunt eget, tempus vel, pede.', 'Alisun', 'Augusto', '2023-11-01 17:54:58', '2023-09-01 10:24:52');
insert into article_comment (article_id, user_id, content, created_by, modified_by, created_at, modified_at) values (33, 'uno', 'Cras mi pede, malesuada in, imperdiet et, commodo vulputate, justo. In blandit ultrices enim. Lorem ipsum dolor sit amet, consectetuer adipiscing elit.', 'Poul', 'Sileas', '2023-04-15 18:49:45', '2023-03-25 14:27:16');
insert into article_comment (article_id, user_id, content, created_by, modified_by, created_at, modified_at) values (64, 'uno', 'Curabitur in libero ut massa volutpat convallis. Morbi odio odio, elementum eu, interdum eu, tincidunt in, leo. Maecenas pulvinar lobortis est.', 'Ivory', 'Terese', '2023-03-07 02:29:50', '2023-11-10 01:16:06');
insert into article_comment (article_id, user_id, content, created_by, modified_by, created_at, modified_at) values (20, 'uno', 'Quisque porta volutpat erat. Quisque erat eros, viverra eget, congue eget, semper rutrum, nulla. Nunc purus.', 'Allyce', 'Dyann', '2023-02-23 22:21:16', '2023-06-24 00:24:08');
insert into article_comment (article_id, user_id, content, created_by, modified_by, created_at, modified_at) values (73, 'uno', 'Proin leo odio, porttitor id, consequat in, consequat ut, nulla. Sed accumsan felis. Ut at dolor quis odio consequat varius.', 'Griffith', 'Selia', '2023-09-15 03:27:52', '2023-05-05 08:56:44');
insert into article_comment (article_id, user_id, content, created_by, modified_by, created_at, modified_at) values (48, 'uno', 'Curabitur gravida nisi at nibh. In hac habitasse platea dictumst. Aliquam augue quam, sollicitudin vitae, consectetuer eget, rutrum at, lorem.', 'Gustaf', 'Ammamaria', '2023-04-06 14:27:07', '2023-10-17 16:40:33');
insert into article_comment (article_id, user_id, content, created_by, modified_by, created_at, modified_at) values (42, 'uno', 'Cras non velit nec nisi vulputate nonummy. Maecenas tincidunt lacus at velit. Vivamus vel nulla eget eros elementum pellentesque.', 'Audrie', 'Costa', '2023-07-30 05:04:59', '2023-01-26 19:45:29');
insert into article_comment (article_id, user_id, content, created_by, modified_by, created_at, modified_at) values (46, 'uno', 'Nam ultrices, libero non mattis pulvinar, nulla pede ullamcorper augue, a suscipit nulla elit ac nulla. Sed vel enim sit amet nunc viverra dapibus. Nulla suscipit ligula in lacus.', 'Simeon', 'Marcelline', '2023-11-02 08:55:08', '2023-02-09 05:34:50');
insert into article_comment (article_id, user_id, content, created_by, modified_by, created_at, modified_at) values (64, 'uno', 'Nullam porttitor lacus at turpis. Donec posuere metus vitae ipsum. Aliquam non mauris.', 'Tyrus', 'Truda', '2023-04-14 23:48:30', '2023-04-28 02:29:52');
insert into article_comment (article_id, user_id, content, created_by, modified_by, created_at, modified_at) values (15, 'uno', 'Praesent blandit. Nam nulla. Integer pede justo, lacinia eget, tincidunt eget, tempus vel, pede.', 'Lorna', 'Wilden', '2023-07-08 02:59:14', '2023-10-11 23:49:37');
insert into article_comment (article_id, user_id, content, created_by, modified_by, created_at, modified_at) values (111, 'uno', 'Morbi porttitor lorem id ligula. Suspendisse ornare consequat lectus. In est risus, auctor sed, tristique in, tempus sit amet, sem.', 'Minnaminnie', 'Marinna', '2023-05-27 09:50:43', '2023-03-22 21:55:40');
insert into article_comment (article_id, user_id, content, created_by, modified_by, created_at, modified_at) values (99, 'uno', 'Nullam sit amet turpis elementum ligula vehicula consequat. Morbi a ipsum. Integer a nibh.', 'Lotta', 'Charmaine', '2023-02-20 05:15:10', '2023-06-06 10:37:59');
insert into article_comment (article_id, user_id, content, created_by, modified_by, created_at, modified_at) values (7, 'uno', 'Nulla ut erat id mauris vulputate elementum. Nullam varius. Nulla facilisi.', 'May', 'Brena', '2023-12-27 14:19:06', '2024-01-07 10:48:22');
insert into article_comment (article_id, user_id, content, created_by, modified_by, created_at, modified_at) values (4, 'uno', 'In sagittis dui vel nisl. Duis ac nibh. Fusce lacus purus, aliquet at, feugiat non, pretium quis, lectus.', 'Querida', 'Zelma', '2023-09-01 02:41:23', '2023-04-11 09:48:51');
insert into article_comment (article_id, user_id, content, created_by, modified_by, created_at, modified_at) values (111, 'uno', 'Duis bibendum. Morbi non quam nec dui luctus rutrum. Nulla tellus.', 'Kayla', 'Linet', '2023-03-14 14:45:34', '2023-08-05 15:54:47');
insert into article_comment (article_id, user_id, content, created_by, modified_by, created_at, modified_at) values (84, 'uno', 'Proin eu mi. Nulla ac enim. In tempor, turpis nec euismod scelerisque, quam turpis adipiscing lorem, vitae mattis nibh ligula nec sem.', 'Blythe', 'Darby', '2023-07-19 20:07:43', '2023-01-22 22:14:26');
insert into article_comment (article_id, user_id, content, created_by, modified_by, created_at, modified_at) values (8, 'uno', 'Fusce consequat. Nulla nisl. Nunc nisl.', 'Caprice', 'Marchall', '2023-03-13 23:49:17', '2023-02-21 12:53:54');
insert into article_comment (article_id, user_id, content, created_by, modified_by, created_at, modified_at) values (82, 'uno', 'Proin interdum mauris non ligula pellentesque ultrices. Phasellus id sapien in sapien iaculis congue. Vivamus metus arcu, adipiscing molestie, hendrerit at, vulputate vitae, nisl.', 'Melosa', 'Margalit', '2023-12-06 11:36:45', '2023-06-26 10:14:34');
insert into article_comment (article_id, user_id, content, created_by, modified_by, created_at, modified_at) values (85, 'uno', 'In congue. Etiam justo. Etiam pretium iaculis justo.', 'Tracy', 'Kaye', '2023-06-11 16:47:03', '2023-04-04 11:14:51');
insert into article_comment (article_id, user_id, content, created_by, modified_by, created_at, modified_at) values (34, 'uno', 'Integer tincidunt ante vel ipsum. Praesent blandit lacinia erat. Vestibulum sed magna at nunc commodo placerat.', 'Bari', 'Rory', '2023-12-21 13:19:30', '2023-08-27 21:28:12');
insert into article_comment (article_id, user_id, content, created_by, modified_by, created_at, modified_at) values (120, 'uno', 'Duis bibendum. Morbi non quam nec dui luctus rutrum. Nulla tellus.', 'Gasper', 'Eran', '2023-03-13 22:38:25', '2023-10-18 04:14:53');
insert into article_comment (article_id, user_id, content, created_by, modified_by, created_at, modified_at) values (97, 'uno', 'Cum sociis natoque penatibus et magnis dis parturient montes, nascetur ridiculus mus. Vivamus vestibulum sagittis sapien. Cum sociis natoque penatibus et magnis dis parturient montes, nascetur ridiculus mus.', 'Ermengarde', 'James', '2023-06-29 21:34:34', '2023-02-16 02:58:15');
insert into article_comment (article_id, user_id, content, created_by, modified_by, created_at, modified_at) values (116, 'uno', 'Quisque porta volutpat erat. Quisque erat eros, viverra eget, congue eget, semper rutrum, nulla. Nunc purus.', 'Nathan', 'Sylas', '2023-05-08 23:41:15', '2023-05-29 21:28:25');
insert into article_comment (article_id, user_id, content, created_by, modified_by, created_at, modified_at) values (8, 'uno', 'Proin leo odio, porttitor id, consequat in, consequat ut, nulla. Sed accumsan felis. Ut at dolor quis odio consequat varius.', 'Andrew', 'Birdie', '2023-02-10 04:05:56', '2023-11-08 12:31:46');
insert into article_comment (article_id, user_id, content, created_by, modified_by, created_at, modified_at) values (70, 'uno', 'Nulla ut erat id mauris vulputate elementum. Nullam varius. Nulla facilisi.', 'Conny', 'Vail', '2023-05-23 02:06:01', '2023-02-21 18:54:42');
insert into article_comment (article_id, user_id, content, created_by, modified_by, created_at, modified_at) values (42, 'uno', 'Lorem ipsum dolor sit amet, consectetuer adipiscing elit. Proin risus. Praesent lectus.', 'Abigail', 'Bale', '2023-05-21 01:53:58', '2023-04-16 07:16:22');
insert into article_comment (article_id, user_id, content, created_by, modified_by, created_at, modified_at) values (112, 'uno', 'Morbi porttitor lorem id ligula. Suspendisse ornare consequat lectus. In est risus, auctor sed, tristique in, tempus sit amet, sem.', 'Holli', 'Noelyn', '2023-08-23 05:27:20', '2023-06-12 09:12:20');
insert into article_comment (article_id, user_id, content, created_by, modified_by, created_at, modified_at) values (30, 'uno', 'Duis aliquam convallis nunc. Proin at turpis a pede posuere nonummy. Integer non velit.', 'Keriann', 'Suzanne', '2023-05-30 06:38:37', '2023-05-15 17:20:40');
insert into article_comment (article_id, user_id, content, created_by, modified_by, created_at, modified_at) values (110, 'uno', 'Curabitur at ipsum ac tellus semper interdum. Mauris ullamcorper purus sit amet nulla. Quisque arcu libero, rutrum ac, lobortis vel, dapibus at, diam.', 'Libbi', 'Olivie', '2023-08-27 01:42:05', '2023-10-24 14:22:19');
insert into article_comment (article_id, user_id, content, created_by, modified_by, created_at, modified_at) values (88, 'uno', 'Maecenas leo odio, condimentum id, luctus nec, molestie sed, justo. Pellentesque viverra pede ac diam. Cras pellentesque volutpat dui.', 'Kally', 'Rolando', '2023-06-09 11:14:53', '2023-05-06 00:16:46');
insert into article_comment (article_id, user_id, content, created_by, modified_by, created_at, modified_at) values (8, 'uno', 'Nulla ut erat id mauris vulputate elementum. Nullam varius. Nulla facilisi.', 'Marysa', 'Upton', '2023-05-04 09:05:54', '2023-07-02 02:42:57');
insert into article_comment (article_id, user_id, content, created_by, modified_by, created_at, modified_at) values (69, 'uno', 'Proin eu mi. Nulla ac enim. In tempor, turpis nec euismod scelerisque, quam turpis adipiscing lorem, vitae mattis nibh ligula nec sem.', 'Hillel', 'Clarine', '2023-11-19 07:33:19', '2023-12-02 07:12:36');
insert into article_comment (article_id, user_id, content, created_by, modified_by, created_at, modified_at) values (76, 'uno', 'Integer ac leo. Pellentesque ultrices mattis odio. Donec vitae nisi.', 'Ellyn', 'June', '2023-12-18 10:43:30', '2023-04-28 20:14:34');
insert into article_comment (article_id, user_id, content, created_by, modified_by, created_at, modified_at) values (58, 'uno', 'Phasellus in felis. Donec semper sapien a libero. Nam dui.', 'Rustie', 'Joana', '2023-08-25 19:44:19', '2023-03-28 05:57:54');
insert into article_comment (article_id, user_id, content, created_by, modified_by, created_at, modified_at) values (74, 'uno', 'In sagittis dui vel nisl. Duis ac nibh. Fusce lacus purus, aliquet at, feugiat non, pretium quis, lectus.', 'Bidget', 'Siouxie', '2023-05-04 18:32:41', '2023-05-11 18:10:19');
insert into article_comment (article_id, user_id, content, created_by, modified_by, created_at, modified_at) values (3, 'uno', 'Proin interdum mauris non ligula pellentesque ultrices. Phasellus id sapien in sapien iaculis congue. Vivamus metus arcu, adipiscing molestie, hendrerit at, vulputate vitae, nisl.', 'Torin', 'Almeta', '2023-03-17 08:29:33', '2023-04-20 08:32:11');
insert into article_comment (article_id, user_id, content, created_by, modified_by, created_at, modified_at) values (80, 'uno', 'Lorem ipsum dolor sit amet, consectetuer adipiscing elit. Proin risus. Praesent lectus.', 'Cos', 'Merola', '2023-05-16 06:51:41', '2023-10-26 10:10:48');
insert into article_comment (article_id, user_id, content, created_by, modified_by, created_at, modified_at) values (27, 'uno', 'Pellentesque at nulla. Suspendisse potenti. Cras in purus eu magna vulputate luctus.', 'Alene', 'Rollin', '2023-02-22 17:38:40', '2023-09-29 19:02:28');
insert into article_comment (article_id, user_id, content, created_by, modified_by, created_at, modified_at) values (23, 'uno', 'Praesent id massa id nisl venenatis lacinia. Aenean sit amet justo. Morbi ut odio.', 'Elwin', 'Aldis', '2023-08-22 22:24:43', '2023-04-25 21:24:27');
insert into article_comment (article_id, user_id, content, created_by, modified_by, created_at, modified_at) values (42, 'uno', 'In hac habitasse platea dictumst. Etiam faucibus cursus urna. Ut tellus.', 'Kendell', 'Cosme', '2023-03-08 17:24:02', '2023-07-13 17:55:01');
insert into article_comment (article_id, user_id, content, created_by, modified_by, created_at, modified_at) values (13, 'uno', 'Morbi non lectus. Aliquam sit amet diam in magna bibendum imperdiet. Nullam orci pede, venenatis non, sodales sed, tincidunt eu, felis.', 'Shane', 'Donnajean', '2023-02-12 19:29:59', '2024-01-08 23:40:03');
insert into article_comment (article_id, user_id, content, created_by, modified_by, created_at, modified_at) values (110, 'uno', 'Fusce consequat. Nulla nisl. Nunc nisl.', 'Cecilla', 'Eveleen', '2023-03-28 02:09:42', '2023-05-21 16:03:36');
insert into article_comment (article_id, user_id, content, created_by, modified_by, created_at, modified_at) values (68, 'uno', 'Proin eu mi. Nulla ac enim. In tempor, turpis nec euismod scelerisque, quam turpis adipiscing lorem, vitae mattis nibh ligula nec sem.', 'Vaclav', 'Dan', '2023-07-22 02:47:52', '2023-08-21 10:08:15');
insert into article_comment (article_id, user_id, content, created_by, modified_by, created_at, modified_at) values (14, 'uno', 'Vestibulum quam sapien, varius ut, blandit non, interdum in, ante. Vestibulum ante ipsum primis in faucibus orci luctus et ultrices posuere cubilia Curae; Duis faucibus accumsan odio. Curabitur convallis.', 'Chiquia', 'Kirby', '2023-03-02 00:43:36', '2023-08-19 07:46:15');
insert into article_comment (article_id, user_id, content, created_by, modified_by, created_at, modified_at) values (17, 'uno', 'Integer ac leo. Pellentesque ultrices mattis odio. Donec vitae nisi.', 'Jaimie', 'Leanna', '2023-10-05 07:19:05', '2023-10-23 17:11:25');
insert into article_comment (article_id, user_id, content, created_by, modified_by, created_at, modified_at) values (25, 'uno', 'Integer ac leo. Pellentesque ultrices mattis odio. Donec vitae nisi.', 'Morganne', 'Felike', '2023-03-01 20:18:25', '2023-03-11 21:54:05');
insert into article_comment (article_id, user_id, content, created_by, modified_by, created_at, modified_at) values (13, 'uno', 'Nulla ut erat id mauris vulputate elementum. Nullam varius. Nulla facilisi.', 'Tomi', 'Vivianne', '2023-07-13 01:53:38', '2023-02-24 01:14:01');
insert into article_comment (article_id, user_id, content, created_by, modified_by, created_at, modified_at) values (91, 'uno', 'Aliquam quis turpis eget elit sodales scelerisque. Mauris sit amet eros. Suspendisse accumsan tortor quis turpis.', 'Elissa', 'Jessalin', '2023-02-23 05:30:48', '2023-10-02 17:15:21');
insert into article_comment (article_id, user_id, content, created_by, modified_by, created_at, modified_at) values (60, 'uno', 'Pellentesque at nulla. Suspendisse potenti. Cras in purus eu magna vulputate luctus.', 'Julie', 'Nedi', '2023-08-31 09:56:58', '2023-11-04 21:20:31');
insert into article_comment (article_id, user_id, content, created_by, modified_by, created_at, modified_at) values (9, 'uno', 'Pellentesque at nulla. Suspendisse potenti. Cras in purus eu magna vulputate luctus.', 'Symon', 'Den', '2023-04-21 12:33:02', '2023-07-02 19:51:10');
insert into article_comment (article_id, user_id, content, created_by, modified_by, created_at, modified_at) values (57, 'uno', 'Pellentesque at nulla. Suspendisse potenti. Cras in purus eu magna vulputate luctus.', 'Morgana', 'Crystal', '2023-09-20 11:20:57', '2023-03-31 00:39:37');
insert into article_comment (article_id, user_id, content, created_by, modified_by, created_at, modified_at) values (101, 'uno', 'Fusce consequat. Nulla nisl. Nunc nisl.', 'Bastian', 'Woodman', '2023-07-15 11:23:03', '2023-05-12 13:21:23');
insert into article_comment (article_id, user_id, content, created_by, modified_by, created_at, modified_at) values (107, 'uno', 'Phasellus sit amet erat. Nulla tempus. Vivamus in felis eu sapien cursus vestibulum.', 'Joey', 'Goldi', '2023-07-14 03:48:57', '2023-08-26 05:41:48');
insert into article_comment (article_id, user_id, content, created_by, modified_by, created_at, modified_at) values (35, 'uno', 'Phasellus sit amet erat. Nulla tempus. Vivamus in felis eu sapien cursus vestibulum.', 'Burk', 'Rustie', '2023-06-14 08:46:20', '2023-12-23 22:12:58');
insert into article_comment (article_id, user_id, content, created_by, modified_by, created_at, modified_at) values (102, 'uno', 'Cras non velit nec nisi vulputate nonummy. Maecenas tincidunt lacus at velit. Vivamus vel nulla eget eros elementum pellentesque.', 'Lamond', 'Chandler', '2023-02-15 09:24:10', '2023-06-08 10:57:41');
insert into article_comment (article_id, user_id, content, created_by, modified_by, created_at, modified_at) values (38, 'uno', 'Fusce consequat. Nulla nisl. Nunc nisl.', 'Fawn', 'Maximilianus', '2023-06-29 22:19:16', '2023-07-24 03:36:22');
insert into article_comment (article_id, user_id, content, created_by, modified_by, created_at, modified_at) values (12, 'uno', 'Duis bibendum, felis sed interdum venenatis, turpis enim blandit mi, in porttitor pede justo eu massa. Donec dapibus. Duis at velit eu est congue elementum.', 'Ernestus', 'Bo', '2023-07-18 02:10:12', '2023-12-07 10:40:39');
insert into article_comment (article_id, user_id, content, created_by, modified_by, created_at, modified_at) values (61, 'uno', 'Praesent blandit. Nam nulla. Integer pede justo, lacinia eget, tincidunt eget, tempus vel, pede.', 'Sally', 'Ali', '2023-02-05 20:32:37', '2023-03-02 07:39:35');
insert into article_comment (article_id, user_id, content, created_by, modified_by, created_at, modified_at) values (90, 'uno', 'Mauris enim leo, rhoncus sed, vestibulum sit amet, cursus id, turpis. Integer aliquet, massa id lobortis convallis, tortor risus dapibus augue, vel accumsan tellus nisi eu orci. Mauris lacinia sapien quis libero.', 'Gaelan', 'Laural', '2023-02-05 12:36:47', '2023-10-03 10:57:03');
insert into article_comment (article_id, user_id, content, created_by, modified_by, created_at, modified_at) values (12, 'uno', 'Mauris enim leo, rhoncus sed, vestibulum sit amet, cursus id, turpis. Integer aliquet, massa id lobortis convallis, tortor risus dapibus augue, vel accumsan tellus nisi eu orci. Mauris lacinia sapien quis libero.', 'Diann', 'Orion', '2023-03-21 07:54:24', '2024-01-03 12:53:08');
insert into article_comment (article_id, user_id, content, created_by, modified_by, created_at, modified_at) values (61, 'uno', 'Proin eu mi. Nulla ac enim. In tempor, turpis nec euismod scelerisque, quam turpis adipiscing lorem, vitae mattis nibh ligula nec sem.', 'Karoly', 'Benny', '2023-07-15 16:46:26', '2024-01-11 11:09:11');
insert into article_comment (article_id, user_id, content, created_by, modified_by, created_at, modified_at) values (64, 'uno', 'Phasellus sit amet erat. Nulla tempus. Vivamus in felis eu sapien cursus vestibulum.', 'Darsey', 'Boony', '2023-12-07 13:50:16', '2023-09-14 05:52:23');
insert into article_comment (article_id, user_id, content, created_by, modified_by, created_at, modified_at) values (34, 'uno', 'Integer tincidunt ante vel ipsum. Praesent blandit lacinia erat. Vestibulum sed magna at nunc commodo placerat.', 'Den', 'Chrotoem', '2023-03-29 23:13:39', '2023-11-26 19:52:18');
insert into article_comment (article_id, user_id, content, created_by, modified_by, created_at, modified_at) values (64, 'uno', 'Proin interdum mauris non ligula pellentesque ultrices. Phasellus id sapien in sapien iaculis congue. Vivamus metus arcu, adipiscing molestie, hendrerit at, vulputate vitae, nisl.', 'Colette', 'Priscilla', '2023-03-01 02:05:55', '2023-05-11 11:01:03');
insert into article_comment (article_id, user_id, content, created_by, modified_by, created_at, modified_at) values (91, 'uno', 'Curabitur gravida nisi at nibh. In hac habitasse platea dictumst. Aliquam augue quam, sollicitudin vitae, consectetuer eget, rutrum at, lorem.', 'Vivi', 'Adrian', '2023-04-13 10:07:38', '2023-08-08 18:10:49');
insert into article_comment (article_id, user_id, content, created_by, modified_by, created_at, modified_at) values (71, 'uno', 'Maecenas leo odio, condimentum id, luctus nec, molestie sed, justo. Pellentesque viverra pede ac diam. Cras pellentesque volutpat dui.', 'Ivette', 'Ivar', '2023-12-17 06:08:46', '2023-07-25 14:51:14');
insert into article_comment (article_id, user_id, content, created_by, modified_by, created_at, modified_at) values (99, 'uno', 'Lorem ipsum dolor sit amet, consectetuer adipiscing elit. Proin risus. Praesent lectus.', 'Hilary', 'Leonore', '2023-04-26 01:16:16', '2023-11-02 00:26:06');
insert into article_comment (article_id, user_id, content, created_by, modified_by, created_at, modified_at) values (70, 'uno', 'Aliquam quis turpis eget elit sodales scelerisque. Mauris sit amet eros. Suspendisse accumsan tortor quis turpis.', 'Thebault', 'Beniamino', '2023-06-09 14:48:32', '2023-03-06 21:27:17');
insert into article_comment (article_id, user_id, content, created_by, modified_by, created_at, modified_at) values (82, 'uno', 'In sagittis dui vel nisl. Duis ac nibh. Fusce lacus purus, aliquet at, feugiat non, pretium quis, lectus.', 'Curr', 'Marita', '2023-07-17 22:29:05', '2023-10-14 07:35:13');
insert into article_comment (article_id, user_id, content, created_by, modified_by, created_at, modified_at) values (94, 'uno', 'Fusce posuere felis sed lacus. Morbi sem mauris, laoreet ut, rhoncus aliquet, pulvinar sed, nisl. Nunc rhoncus dui vel sem.', 'Anatol', 'Orly', '2023-12-07 10:35:21', '2023-04-08 05:20:01');
insert into article_comment (article_id, user_id, content, created_by, modified_by, created_at, modified_at) values (5, 'uno', 'Aenean fermentum. Donec ut mauris eget massa tempor convallis. Nulla neque libero, convallis eget, eleifend luctus, ultricies eu, nibh.', 'Garwood', 'Moore', '2023-05-21 11:16:19', '2023-01-30 19:01:27');
insert into article_comment (article_id, user_id, content, created_by, modified_by, created_at, modified_at) values (13, 'uno', 'Proin leo odio, porttitor id, consequat in, consequat ut, nulla. Sed accumsan felis. Ut at dolor quis odio consequat varius.', 'Waiter', 'Rolph', '2023-04-25 09:25:43', '2023-12-25 01:52:41');
insert into article_comment (article_id, user_id, content, created_by, modified_by, created_at, modified_at) values (18, 'uno', 'Fusce consequat. Nulla nisl. Nunc nisl.', 'Christalle', 'Monique', '2023-07-18 07:02:14', '2023-11-19 05:47:23');
insert into article_comment (article_id, user_id, content, created_by, modified_by, created_at, modified_at) values (38, 'uno', 'Maecenas tristique, est et tempus semper, est quam pharetra magna, ac consequat metus sapien ut nunc. Vestibulum ante ipsum primis in faucibus orci luctus et ultrices posuere cubilia Curae; Mauris viverra diam vitae quam. Suspendisse potenti.', 'Odele', 'Orrin', '2023-12-17 08:32:20', '2024-01-14 16:01:48');
insert into article_comment (article_id, user_id, content, created_by, modified_by, created_at, modified_at) values (33, 'uno', 'Sed ante. Vivamus tortor. Duis mattis egestas metus.', 'Greg', 'Larisa', '2023-01-17 12:20:29', '2023-11-02 22:55:35');
insert into article_comment (article_id, user_id, content, created_by, modified_by, created_at, modified_at) values (46, 'uno', 'Fusce posuere felis sed lacus. Morbi sem mauris, laoreet ut, rhoncus aliquet, pulvinar sed, nisl. Nunc rhoncus dui vel sem.', 'Kylie', 'Taddeo', '2023-12-30 08:04:05', '2023-07-31 08:37:34');
insert into article_comment (article_id, user_id, content, created_by, modified_by, created_at, modified_at) values (77, 'uno', 'Cras non velit nec nisi vulputate nonummy. Maecenas tincidunt lacus at velit. Vivamus vel nulla eget eros elementum pellentesque.', 'Jacquette', 'Lindie', '2023-11-28 12:17:17', '2023-10-02 10:54:21');
insert into article_comment (article_id, user_id, content, created_by, modified_by, created_at, modified_at) values (32, 'uno', 'In congue. Etiam justo. Etiam pretium iaculis justo.', 'Talya', 'Reuben', '2023-06-08 22:54:53', '2023-04-28 02:35:32');
insert into article_comment (article_id, user_id, content, created_by, modified_by, created_at, modified_at) values (26, 'uno', 'Proin eu mi. Nulla ac enim. In tempor, turpis nec euismod scelerisque, quam turpis adipiscing lorem, vitae mattis nibh ligula nec sem.', 'Eyde', 'Fedora', '2023-04-13 15:33:47', '2023-04-23 20:08:21');
insert into article_comment (article_id, user_id, content, created_by, modified_by, created_at, modified_at) values (119, 'uno', 'Curabitur in libero ut massa volutpat convallis. Morbi odio odio, elementum eu, interdum eu, tincidunt in, leo. Maecenas pulvinar lobortis est.', 'Jessamyn', 'Ebenezer', '2023-10-29 09:39:50', '2023-08-09 20:25:18');
insert into article_comment (article_id, user_id, content, created_by, modified_by, created_at, modified_at) values (46, 'uno', 'In sagittis dui vel nisl. Duis ac nibh. Fusce lacus purus, aliquet at, feugiat non, pretium quis, lectus.', 'Devondra', 'Lurette', '2023-10-27 09:50:41', '2023-10-13 18:15:14');
insert into article_comment (article_id, user_id, content, created_by, modified_by, created_at, modified_at) values (37, 'uno', 'Integer ac leo. Pellentesque ultrices mattis odio. Donec vitae nisi.', 'Ameline', 'Quinta', '2023-09-02 17:34:24', '2023-02-16 13:05:17');
insert into article_comment (article_id, user_id, content, created_by, modified_by, created_at, modified_at) values (78, 'uno', 'In hac habitasse platea dictumst. Morbi vestibulum, velit id pretium iaculis, diam erat fermentum justo, nec condimentum neque sapien placerat ante. Nulla justo.', 'Connie', 'Blake', '2023-07-24 03:01:36', '2023-12-24 22:28:43');
insert into article_comment (article_id, user_id, content, created_by, modified_by, created_at, modified_at) values (19, 'uno', 'Curabitur gravida nisi at nibh. In hac habitasse platea dictumst. Aliquam augue quam, sollicitudin vitae, consectetuer eget, rutrum at, lorem.', 'Tyson', 'Omero', '2023-10-30 02:56:32', '2023-11-21 11:45:50');
insert into article_comment (article_id, user_id, content, created_by, modified_by, created_at, modified_at) values (67, 'uno', 'Lorem ipsum dolor sit amet, consectetuer adipiscing elit. Proin risus. Praesent lectus.', 'Filip', 'Chance', '2023-06-11 15:27:02', '2023-06-09 04:56:28');
insert into article_comment (article_id, user_id, content, created_by, modified_by, created_at, modified_at) values (123, 'uno', 'Proin leo odio, porttitor id, consequat in, consequat ut, nulla. Sed accumsan felis. Ut at dolor quis odio consequat varius.', 'Aldis', 'Tresa', '2023-11-30 16:01:50', '2023-08-27 23:49:42');
insert into article_comment (article_id, user_id, content, created_by, modified_by, created_at, modified_at) values (67, 'uno', 'Proin eu mi. Nulla ac enim. In tempor, turpis nec euismod scelerisque, quam turpis adipiscing lorem, vitae mattis nibh ligula nec sem.', 'Brooks', 'Lurleen', '2023-04-07 12:30:09', '2023-09-26 15:33:03');
insert into article_comment (article_id, user_id, content, created_by, modified_by, created_at, modified_at) values (51, 'uno', 'Sed sagittis. Nam congue, risus semper porta volutpat, quam pede lobortis ligula, sit amet eleifend pede libero quis orci. Nullam molestie nibh in lectus.', 'Jon', 'Gustie', '2023-02-24 11:51:01', '2023-08-19 22:59:37');
insert into article_comment (article_id, user_id, content, created_by, modified_by, created_at, modified_at) values (18, 'uno', 'Lorem ipsum dolor sit amet, consectetuer adipiscing elit. Proin risus. Praesent lectus.', 'Piotr', 'Gustavus', '2023-02-04 19:03:03', '2023-10-20 16:50:06');
insert into article_comment (article_id, user_id, content, created_by, modified_by, created_at, modified_at) values (11, 'uno', 'Maecenas leo odio, condimentum id, luctus nec, molestie sed, justo. Pellentesque viverra pede ac diam. Cras pellentesque volutpat dui.', 'Valencia', 'Eldridge', '2023-07-25 15:02:21', '2023-06-16 01:40:39');
insert into article_comment (article_id, user_id, content, created_by, modified_by, created_at, modified_at) values (116, 'uno', 'Lorem ipsum dolor sit amet, consectetuer adipiscing elit. Proin risus. Praesent lectus.', 'Grantley', 'Danella', '2023-09-18 16:17:44', '2023-07-18 14:19:38');
insert into article_comment (article_id, user_id, content, created_by, modified_by, created_at, modified_at) values (58, 'uno', 'Pellentesque at nulla. Suspendisse potenti. Cras in purus eu magna vulputate luctus.', 'Sig', 'Vinson', '2023-10-06 01:13:19', '2023-11-06 00:20:27');
insert into article_comment (article_id, user_id, content, created_by, modified_by, created_at, modified_at) values (19, 'uno', 'Nam ultrices, libero non mattis pulvinar, nulla pede ullamcorper augue, a suscipit nulla elit ac nulla. Sed vel enim sit amet nunc viverra dapibus. Nulla suscipit ligula in lacus.', 'Onida', 'Deloris', '2023-10-04 14:08:47', '2023-07-17 08:40:39');
insert into article_comment (article_id, user_id, content, created_by, modified_by, created_at, modified_at) values (22, 'uno', 'Donec diam neque, vestibulum eget, vulputate ut, ultrices vel, augue. Vestibulum ante ipsum primis in faucibus orci luctus et ultrices posuere cubilia Curae; Donec pharetra, magna vestibulum aliquet ultrices, erat tortor sollicitudin mi, sit amet lobortis sapien sapien non mi. Integer ac neque.', 'Candis', 'Estrellita', '2023-04-30 11:05:43', '2023-01-19 09:23:05');
insert into article_comment (article_id, user_id, content, created_by, modified_by, created_at, modified_at) values (30, 'uno', 'Morbi non lectus. Aliquam sit amet diam in magna bibendum imperdiet. Nullam orci pede, venenatis non, sodales sed, tincidunt eu, felis.', 'Con', 'Feodor', '2023-07-18 06:09:08', '2023-12-11 09:04:37');
insert into article_comment (article_id, user_id, content, created_by, modified_by, created_at, modified_at) values (45, 'uno', 'Integer ac leo. Pellentesque ultrices mattis odio. Donec vitae nisi.', 'Lawton', 'Benedetta', '2023-09-07 22:12:28', '2023-05-14 10:04:20');
insert into article_comment (article_id, user_id, content, created_by, modified_by, created_at, modified_at) values (119, 'uno', 'Nullam sit amet turpis elementum ligula vehicula consequat. Morbi a ipsum. Integer a nibh.', 'Eddie', 'Leelah', '2023-04-18 14:03:28', '2023-12-15 16:18:16');
insert into article_comment (article_id, user_id, content, created_by, modified_by, created_at, modified_at) values (83, 'uno', 'Curabitur in libero ut massa volutpat convallis. Morbi odio odio, elementum eu, interdum eu, tincidunt in, leo. Maecenas pulvinar lobortis est.', 'Cariotta', 'Moore', '2023-04-14 06:03:33', '2023-02-03 17:40:07');
insert into article_comment (article_id, user_id, content, created_by, modified_by, created_at, modified_at) values (24, 'uno', 'Morbi porttitor lorem id ligula. Suspendisse ornare consequat lectus. In est risus, auctor sed, tristique in, tempus sit amet, sem.', 'Ardys', 'Phyllida', '2023-02-17 11:33:43', '2023-08-24 17:50:13');
insert into article_comment (article_id, user_id, content, created_by, modified_by, created_at, modified_at) values (78, 'uno', 'Proin leo odio, porttitor id, consequat in, consequat ut, nulla. Sed accumsan felis. Ut at dolor quis odio consequat varius.', 'Vernen', 'Delbert', '2023-05-29 02:06:11', '2023-11-10 18:04:41');
insert into article_comment (article_id, user_id, content, created_by, modified_by, created_at, modified_at) values (101, 'uno', 'Nullam porttitor lacus at turpis. Donec posuere metus vitae ipsum. Aliquam non mauris.', 'Chloe', 'Darya', '2023-09-17 05:10:28', '2023-02-14 23:14:41');
insert into article_comment (article_id, user_id, content, created_by, modified_by, created_at, modified_at) values (122, 'uno', 'Maecenas ut massa quis augue luctus tincidunt. Nulla mollis molestie lorem. Quisque ut erat.', 'Leonhard', 'Buck', '2023-03-02 12:48:10', '2023-10-27 06:52:30');
insert into article_comment (article_id, user_id, content, created_by, modified_by, created_at, modified_at) values (68, 'uno', 'Duis consequat dui nec nisi volutpat eleifend. Donec ut dolor. Morbi vel lectus in quam fringilla rhoncus.', 'Jesus', 'Lindy', '2023-03-12 09:44:49', '2023-09-19 19:44:45');
insert into article_comment (article_id, user_id, content, created_by, modified_by, created_at, modified_at) values (116, 'uno', 'In sagittis dui vel nisl. Duis ac nibh. Fusce lacus purus, aliquet at, feugiat non, pretium quis, lectus.', 'Davina', 'Morganica', '2023-08-02 03:35:17', '2023-12-09 11:48:54');
insert into article_comment (article_id, user_id, content, created_by, modified_by, created_at, modified_at) values (66, 'uno', 'Praesent id massa id nisl venenatis lacinia. Aenean sit amet justo. Morbi ut odio.', 'Nobie', 'Eve', '2023-03-15 15:45:34', '2023-09-09 20:48:05');
insert into article_comment (article_id, user_id, content, created_by, modified_by, created_at, modified_at) values (109, 'uno', 'Curabitur at ipsum ac tellus semper interdum. Mauris ullamcorper purus sit amet nulla. Quisque arcu libero, rutrum ac, lobortis vel, dapibus at, diam.', 'Gerda', 'Valentina', '2023-08-16 15:11:29', '2023-04-25 01:14:57');
insert into article_comment (article_id, user_id, content, created_by, modified_by, created_at, modified_at) values (94, 'uno', 'Sed sagittis. Nam congue, risus semper porta volutpat, quam pede lobortis ligula, sit amet eleifend pede libero quis orci. Nullam molestie nibh in lectus.', 'Ham', 'Josepha', '2023-12-21 02:07:30', '2024-01-12 22:54:05');
insert into article_comment (article_id, user_id, content, created_by, modified_by, created_at, modified_at) values (46, 'uno', 'Donec diam neque, vestibulum eget, vulputate ut, ultrices vel, augue. Vestibulum ante ipsum primis in faucibus orci luctus et ultrices posuere cubilia Curae; Donec pharetra, magna vestibulum aliquet ultrices, erat tortor sollicitudin mi, sit amet lobortis sapien sapien non mi. Integer ac neque.', 'Vitia', 'Claiborne', '2023-03-25 21:24:52', '2024-01-02 05:48:34');
insert into article_comment (article_id, user_id, content, created_by, modified_by, created_at, modified_at) values (123, 'uno', 'Aenean fermentum. Donec ut mauris eget massa tempor convallis. Nulla neque libero, convallis eget, eleifend luctus, ultricies eu, nibh.', 'Dorene', 'Noby', '2023-03-06 01:34:20', '2023-03-14 20:55:22');
insert into article_comment (article_id, user_id, content, created_by, modified_by, created_at, modified_at) values (96, 'uno', 'Nam ultrices, libero non mattis pulvinar, nulla pede ullamcorper augue, a suscipit nulla elit ac nulla. Sed vel enim sit amet nunc viverra dapibus. Nulla suscipit ligula in lacus.', 'Leigha', 'Max', '2023-09-16 04:21:41', '2023-05-28 20:16:42');
insert into article_comment (article_id, user_id, content, created_by, modified_by, created_at, modified_at) values (99, 'uno', 'In hac habitasse platea dictumst. Morbi vestibulum, velit id pretium iaculis, diam erat fermentum justo, nec condimentum neque sapien placerat ante. Nulla justo.', 'Lilias', 'Aida', '2023-05-23 13:50:31', '2023-11-17 04:59:58');
insert into article_comment (article_id, user_id, content, created_by, modified_by, created_at, modified_at) values (71, 'uno', 'Donec diam neque, vestibulum eget, vulputate ut, ultrices vel, augue. Vestibulum ante ipsum primis in faucibus orci luctus et ultrices posuere cubilia Curae; Donec pharetra, magna vestibulum aliquet ultrices, erat tortor sollicitudin mi, sit amet lobortis sapien sapien non mi. Integer ac neque.', 'Garald', 'Nehemiah', '2023-03-12 15:24:15', '2023-02-13 19:53:14');
insert into article_comment (article_id, user_id, content, created_by, modified_by, created_at, modified_at) values (49, 'uno', 'Maecenas tristique, est et tempus semper, est quam pharetra magna, ac consequat metus sapien ut nunc. Vestibulum ante ipsum primis in faucibus orci luctus et ultrices posuere cubilia Curae; Mauris viverra diam vitae quam. Suspendisse potenti.', 'Frankie', 'Olivie', '2023-04-15 03:21:58', '2023-02-20 05:29:53');
insert into article_comment (article_id, user_id, content, created_by, modified_by, created_at, modified_at) values (88, 'uno', 'In hac habitasse platea dictumst. Etiam faucibus cursus urna. Ut tellus.', 'Carmelle', 'Jackson', '2023-04-25 14:27:51', '2023-03-03 01:45:58');
insert into article_comment (article_id, user_id, content, created_by, modified_by, created_at, modified_at) values (122, 'uno', 'In congue. Etiam justo. Etiam pretium iaculis justo.', 'Shandra', 'Goldia', '2023-09-25 06:00:42', '2023-09-10 14:25:27');
insert into article_comment (article_id, user_id, content, created_by, modified_by, created_at, modified_at) values (92, 'uno', 'Nullam sit amet turpis elementum ligula vehicula consequat. Morbi a ipsum. Integer a nibh.', 'Carson', 'Raff', '2023-02-14 22:35:05', '2023-10-05 01:55:53');
insert into article_comment (article_id, user_id, content, created_by, modified_by, created_at, modified_at) values (25, 'uno', 'Fusce posuere felis sed lacus. Morbi sem mauris, laoreet ut, rhoncus aliquet, pulvinar sed, nisl. Nunc rhoncus dui vel sem.', 'Johannah', 'Marlena', '2023-12-11 14:10:05', '2023-10-19 03:16:23');
insert into article_comment (article_id, user_id, content, created_by, modified_by, created_at, modified_at) values (32, 'uno', 'Nullam porttitor lacus at turpis. Donec posuere metus vitae ipsum. Aliquam non mauris.', 'Seamus', 'Diannne', '2023-04-24 01:26:49', '2023-04-12 04:20:16');
insert into article_comment (article_id, user_id, content, created_by, modified_by, created_at, modified_at) values (33, 'uno', 'Duis bibendum. Morbi non quam nec dui luctus rutrum. Nulla tellus.', 'Hakim', 'Simone', '2023-08-30 17:53:44', '2023-07-27 07:00:56');
insert into article_comment (article_id, user_id, content, created_by, modified_by, created_at, modified_at) values (17, 'uno', 'Cras mi pede, malesuada in, imperdiet et, commodo vulputate, justo. In blandit ultrices enim. Lorem ipsum dolor sit amet, consectetuer adipiscing elit.', 'Reinold', 'Merl', '2023-03-13 17:22:38', '2023-04-21 18:24:20');
insert into article_comment (article_id, user_id, content, created_by, modified_by, created_at, modified_at) values (24, 'uno', 'Vestibulum quam sapien, varius ut, blandit non, interdum in, ante. Vestibulum ante ipsum primis in faucibus orci luctus et ultrices posuere cubilia Curae; Duis faucibus accumsan odio. Curabitur convallis.', 'Courtney', 'Kennedy', '2023-12-19 15:50:14', '2023-02-17 05:18:39');
insert into article_comment (article_id, user_id, content, created_by, modified_by, created_at, modified_at) values (22, 'uno', 'Cum sociis natoque penatibus et magnis dis parturient montes, nascetur ridiculus mus. Vivamus vestibulum sagittis sapien. Cum sociis natoque penatibus et magnis dis parturient montes, nascetur ridiculus mus.', 'Mace', 'Caldwell', '2023-12-25 00:45:07', '2023-06-10 02:56:20');
insert into article_comment (article_id, user_id, content, created_by, modified_by, created_at, modified_at) values (9, 'uno', 'Proin interdum mauris non ligula pellentesque ultrices. Phasellus id sapien in sapien iaculis congue. Vivamus metus arcu, adipiscing molestie, hendrerit at, vulputate vitae, nisl.', 'Leticia', 'Knox', '2023-02-02 16:38:21', '2023-12-19 11:57:29');
insert into article_comment (article_id, user_id, content, created_by, modified_by, created_at, modified_at) values (50, 'uno', 'Phasellus sit amet erat. Nulla tempus. Vivamus in felis eu sapien cursus vestibulum.', 'Lena', 'Augustina', '2023-06-25 17:32:03', '2023-08-22 18:47:34');
insert into article_comment (article_id, user_id, content, created_by, modified_by, created_at, modified_at) values (117, 'uno', 'Lorem ipsum dolor sit amet, consectetuer adipiscing elit. Proin risus. Praesent lectus.', 'Enrica', 'Burgess', '2023-07-22 18:52:39', '2023-03-21 23:22:47');
insert into article_comment (article_id, user_id, content, created_by, modified_by, created_at, modified_at) values (22, 'uno', 'Integer ac leo. Pellentesque ultrices mattis odio. Donec vitae nisi.', 'Rice', 'Rikki', '2023-01-25 12:53:12', '2023-10-30 18:34:20');
insert into article_comment (article_id, user_id, content, created_by, modified_by, created_at, modified_at) values (38, 'uno', 'Curabitur in libero ut massa volutpat convallis. Morbi odio odio, elementum eu, interdum eu, tincidunt in, leo. Maecenas pulvinar lobortis est.', 'Bail', 'Vinni', '2023-01-18 06:22:51', '2023-10-17 14:38:07');
insert into article_comment (article_id, user_id, content, created_by, modified_by, created_at, modified_at) values (31, 'uno', 'Maecenas ut massa quis augue luctus tincidunt. Nulla mollis molestie lorem. Quisque ut erat.', 'Karim', 'Clarinda', '2023-12-01 07:33:41', '2023-05-07 21:21:13');
insert into article_comment (article_id, user_id, content, created_by, modified_by, created_at, modified_at) values (66, 'uno', 'Nam ultrices, libero non mattis pulvinar, nulla pede ullamcorper augue, a suscipit nulla elit ac nulla. Sed vel enim sit amet nunc viverra dapibus. Nulla suscipit ligula in lacus.', 'Annabella', 'Cecelia', '2023-08-12 20:26:12', '2023-10-12 10:54:55');
insert into article_comment (article_id, user_id, content, created_by, modified_by, created_at, modified_at) values (113, 'uno', 'Integer tincidunt ante vel ipsum. Praesent blandit lacinia erat. Vestibulum sed magna at nunc commodo placerat.', 'Margarete', 'Norbert', '2024-01-05 21:39:20', '2023-05-26 03:06:05');
insert into article_comment (article_id, user_id, content, created_by, modified_by, created_at, modified_at) values (15, 'uno', 'In sagittis dui vel nisl. Duis ac nibh. Fusce lacus purus, aliquet at, feugiat non, pretium quis, lectus.', 'Eve', 'Nani', '2023-06-02 21:30:32', '2023-07-08 07:47:12');
insert into article_comment (article_id, user_id, content, created_by, modified_by, created_at, modified_at) values (81, 'uno', 'Maecenas tristique, est et tempus semper, est quam pharetra magna, ac consequat metus sapien ut nunc. Vestibulum ante ipsum primis in faucibus orci luctus et ultrices posuere cubilia Curae; Mauris viverra diam vitae quam. Suspendisse potenti.', 'Rolf', 'Berti', '2023-05-22 06:18:53', '2023-05-20 14:00:38');
insert into article_comment (article_id, user_id, content, created_by, modified_by, created_at, modified_at) values (79, 'uno', 'Duis consequat dui nec nisi volutpat eleifend. Donec ut dolor. Morbi vel lectus in quam fringilla rhoncus.', 'Emery', 'Rozella', '2023-06-19 09:43:05', '2023-11-12 04:52:34');
insert into article_comment (article_id, user_id, content, created_by, modified_by, created_at, modified_at) values (82, 'uno', 'Duis bibendum, felis sed interdum venenatis, turpis enim blandit mi, in porttitor pede justo eu massa. Donec dapibus. Duis at velit eu est congue elementum.', 'Paula', 'Rhonda', '2023-12-27 07:48:06', '2023-04-17 08:39:15');
insert into article_comment (article_id, user_id, content, created_by, modified_by, created_at, modified_at) values (97, 'uno', 'Donec diam neque, vestibulum eget, vulputate ut, ultrices vel, augue. Vestibulum ante ipsum primis in faucibus orci luctus et ultrices posuere cubilia Curae; Donec pharetra, magna vestibulum aliquet ultrices, erat tortor sollicitudin mi, sit amet lobortis sapien sapien non mi. Integer ac neque.', 'Dunstan', 'Holden', '2023-04-22 07:46:12', '2023-09-17 06:59:16');
insert into article_comment (article_id, user_id, content, created_by, modified_by, created_at, modified_at) values (64, 'uno', 'Suspendisse potenti. In eleifend quam a odio. In hac habitasse platea dictumst.', 'Jewel', 'Guntar', '2023-12-29 17:16:13', '2023-03-12 11:19:11');
insert into article_comment (article_id, user_id, content, created_by, modified_by, created_at, modified_at) values (123, 'uno', 'Maecenas ut massa quis augue luctus tincidunt. Nulla mollis molestie lorem. Quisque ut erat.', 'Ashby', 'Amii', '2023-07-08 19:34:34', '2023-04-29 19:08:46');
insert into article_comment (article_id, user_id, content, created_by, modified_by, created_at, modified_at) values (48, 'uno', 'Nam ultrices, libero non mattis pulvinar, nulla pede ullamcorper augue, a suscipit nulla elit ac nulla. Sed vel enim sit amet nunc viverra dapibus. Nulla suscipit ligula in lacus.', 'Godfree', 'Gae', '2023-11-02 23:42:38', '2023-04-01 02:21:42');
insert into article_comment (article_id, user_id, content, created_by, modified_by, created_at, modified_at) values (105, 'uno', 'Fusce consequat. Nulla nisl. Nunc nisl.', 'Daisie', 'Sadie', '2023-05-15 00:30:05', '2023-01-28 00:21:22');
insert into article_comment (article_id, user_id, content, created_by, modified_by, created_at, modified_at) values (58, 'uno', 'Duis aliquam convallis nunc. Proin at turpis a pede posuere nonummy. Integer non velit.', 'Mavis', 'Wesley', '2023-10-11 06:36:00', '2023-11-19 03:34:02');
insert into article_comment (article_id, user_id, content, created_by, modified_by, created_at, modified_at) values (110, 'uno', 'Nulla ut erat id mauris vulputate elementum. Nullam varius. Nulla facilisi.', 'Marlyn', 'Faye', '2023-10-17 18:36:58', '2023-09-17 00:40:15');
insert into article_comment (article_id, user_id, content, created_by, modified_by, created_at, modified_at) values (89, 'uno', 'Cum sociis natoque penatibus et magnis dis parturient montes, nascetur ridiculus mus. Vivamus vestibulum sagittis sapien. Cum sociis natoque penatibus et magnis dis parturient montes, nascetur ridiculus mus.', 'Bradan', 'Pris', '2023-01-17 07:18:50', '2023-09-28 11:00:50');
insert into article_comment (article_id, user_id, content, created_by, modified_by, created_at, modified_at) values (11, 'uno', 'Suspendisse potenti. In eleifend quam a odio. In hac habitasse platea dictumst.', 'Terri-jo', 'Kaspar', '2024-01-04 21:28:09', '2023-10-16 02:25:18');
insert into article_comment (article_id, user_id, content, created_by, modified_by, created_at, modified_at) values (112, 'uno', 'Donec diam neque, vestibulum eget, vulputate ut, ultrices vel, augue. Vestibulum ante ipsum primis in faucibus orci luctus et ultrices posuere cubilia Curae; Donec pharetra, magna vestibulum aliquet ultrices, erat tortor sollicitudin mi, sit amet lobortis sapien sapien non mi. Integer ac neque.', 'Jo', 'Deedee', '2023-11-19 03:50:56', '2023-12-07 20:00:35');
insert into article_comment (article_id, user_id, content, created_by, modified_by, created_at, modified_at) values (70, 'uno', 'Maecenas ut massa quis augue luctus tincidunt. Nulla mollis molestie lorem. Quisque ut erat.', 'Karolina', 'Berrie', '2023-11-01 19:12:10', '2023-04-24 13:15:45');
insert into article_comment (article_id, user_id, content, created_by, modified_by, created_at, modified_at) values (47, 'uno', 'Maecenas tristique, est et tempus semper, est quam pharetra magna, ac consequat metus sapien ut nunc. Vestibulum ante ipsum primis in faucibus orci luctus et ultrices posuere cubilia Curae; Mauris viverra diam vitae quam. Suspendisse potenti.', 'Denny', 'Myrilla', '2024-01-02 09:16:52', '2023-07-24 05:44:59');
insert into article_comment (article_id, user_id, content, created_by, modified_by, created_at, modified_at) values (102, 'uno', 'Sed sagittis. Nam congue, risus semper porta volutpat, quam pede lobortis ligula, sit amet eleifend pede libero quis orci. Nullam molestie nibh in lectus.', 'Nappie', 'Starla', '2023-07-24 00:14:24', '2023-12-24 03:40:24');
insert into article_comment (article_id, user_id, content, created_by, modified_by, created_at, modified_at) values (31, 'uno', 'Duis bibendum. Morbi non quam nec dui luctus rutrum. Nulla tellus.', 'Dewie', 'Lonna', '2023-06-18 14:22:58', '2023-02-28 11:37:19');
insert into article_comment (article_id, user_id, content, created_by, modified_by, created_at, modified_at) values (108, 'uno', 'Aliquam quis turpis eget elit sodales scelerisque. Mauris sit amet eros. Suspendisse accumsan tortor quis turpis.', 'Elbert', 'Gerta', '2023-09-28 03:50:30', '2024-01-04 16:29:45');
insert into article_comment (article_id, user_id, content, created_by, modified_by, created_at, modified_at) values (69, 'uno', 'Aliquam quis turpis eget elit sodales scelerisque. Mauris sit amet eros. Suspendisse accumsan tortor quis turpis.', 'Peggy', 'Kinsley', '2023-12-24 04:15:32', '2023-08-04 18:51:07');
insert into article_comment (article_id, user_id, content, created_by, modified_by, created_at, modified_at) values (110, 'uno', 'Quisque id justo sit amet sapien dignissim vestibulum. Vestibulum ante ipsum primis in faucibus orci luctus et ultrices posuere cubilia Curae; Nulla dapibus dolor vel est. Donec odio justo, sollicitudin ut, suscipit a, feugiat et, eros.', 'Jackqueline', 'Raviv', '2023-12-21 05:37:38', '2023-10-28 13:55:15');
insert into article_comment (article_id, user_id, content, created_by, modified_by, created_at, modified_at) values (110, 'uno', 'Duis consequat dui nec nisi volutpat eleifend. Donec ut dolor. Morbi vel lectus in quam fringilla rhoncus.', 'Alard', 'Rhianna', '2023-05-31 04:44:38', '2023-09-02 23:43:24');
insert into article_comment (article_id, user_id, content, created_by, modified_by, created_at, modified_at) values (4, 'uno', 'Proin interdum mauris non ligula pellentesque ultrices. Phasellus id sapien in sapien iaculis congue. Vivamus metus arcu, adipiscing molestie, hendrerit at, vulputate vitae, nisl.', 'Torr', 'Shawna', '2023-06-26 14:38:44', '2023-05-02 22:00:21');
insert into article_comment (article_id, user_id, content, created_by, modified_by, created_at, modified_at) values (103, 'uno', 'Suspendisse potenti. In eleifend quam a odio. In hac habitasse platea dictumst.', 'Lonee', 'Linette', '2024-01-07 15:45:27', '2023-11-07 20:59:54');
insert into article_comment (article_id, user_id, content, created_by, modified_by, created_at, modified_at) values (9, 'uno', 'Curabitur at ipsum ac tellus semper interdum. Mauris ullamcorper purus sit amet nulla. Quisque arcu libero, rutrum ac, lobortis vel, dapibus at, diam.', 'Gertie', 'Krishna', '2023-07-16 20:46:33', '2023-02-15 19:48:37');
insert into article_comment (article_id, user_id, content, created_by, modified_by, created_at, modified_at) values (38, 'uno', 'Cras non velit nec nisi vulputate nonummy. Maecenas tincidunt lacus at velit. Vivamus vel nulla eget eros elementum pellentesque.', 'Delcina', 'Mirabella', '2023-06-01 05:42:26', '2023-03-10 15:51:18');
insert into article_comment (article_id, user_id, content, created_by, modified_by, created_at, modified_at) values (113, 'uno', 'Suspendisse potenti. In eleifend quam a odio. In hac habitasse platea dictumst.', 'Marya', 'Issy', '2023-12-01 18:07:40', '2023-12-28 15:10:17');
insert into article_comment (article_id, user_id, content, created_by, modified_by, created_at, modified_at) values (118, 'uno', 'Phasellus sit amet erat. Nulla tempus. Vivamus in felis eu sapien cursus vestibulum.', 'Hayley', 'Mechelle', '2023-08-14 03:58:57', '2023-09-13 23:17:35');
insert into article_comment (article_id, user_id, content, created_by, modified_by, created_at, modified_at) values (39, 'uno', 'Duis aliquam convallis nunc. Proin at turpis a pede posuere nonummy. Integer non velit.', 'Adina', 'Bryna', '2023-09-02 08:24:50', '2023-07-04 15:53:36');
insert into article_comment (article_id, user_id, content, created_by, modified_by, created_at, modified_at) values (59, 'uno', 'Cras mi pede, malesuada in, imperdiet et, commodo vulputate, justo. In blandit ultrices enim. Lorem ipsum dolor sit amet, consectetuer adipiscing elit.', 'Joly', 'Ettore', '2023-09-01 17:13:39', '2023-05-08 03:51:53');
insert into article_comment (article_id, user_id, content, created_by, modified_by, created_at, modified_at) values (39, 'uno', 'Nam ultrices, libero non mattis pulvinar, nulla pede ullamcorper augue, a suscipit nulla elit ac nulla. Sed vel enim sit amet nunc viverra dapibus. Nulla suscipit ligula in lacus.', 'Sharia', 'Friedrick', '2023-12-13 21:23:23', '2023-09-14 15:34:07');
insert into article_comment (article_id, user_id, content, created_by, modified_by, created_at, modified_at) values (38, 'uno', 'Sed sagittis. Nam congue, risus semper porta volutpat, quam pede lobortis ligula, sit amet eleifend pede libero quis orci. Nullam molestie nibh in lectus.', 'Raviv', 'Jdavie', '2023-01-27 03:12:45', '2023-04-11 00:46:06');
insert into article_comment (article_id, user_id, content, created_by, modified_by, created_at, modified_at) values (22, 'uno', 'Nam ultrices, libero non mattis pulvinar, nulla pede ullamcorper augue, a suscipit nulla elit ac nulla. Sed vel enim sit amet nunc viverra dapibus. Nulla suscipit ligula in lacus.', 'Scarface', 'Hermy', '2023-11-07 12:40:27', '2023-02-05 06:20:49');
insert into article_comment (article_id, user_id, content, created_by, modified_by, created_at, modified_at) values (96, 'uno', 'Nam ultrices, libero non mattis pulvinar, nulla pede ullamcorper augue, a suscipit nulla elit ac nulla. Sed vel enim sit amet nunc viverra dapibus. Nulla suscipit ligula in lacus.', 'Thebault', 'Riannon', '2023-07-11 04:22:27', '2023-11-07 17:42:19');
insert into article_comment (article_id, user_id, content, created_by, modified_by, created_at, modified_at) values (27, 'uno', 'Duis bibendum. Morbi non quam nec dui luctus rutrum. Nulla tellus.', 'Carole', 'Bobbye', '2023-06-14 19:13:56', '2023-10-04 07:17:27');
insert into article_comment (article_id, user_id, content, created_by, modified_by, created_at, modified_at) values (84, 'uno', 'Morbi non lectus. Aliquam sit amet diam in magna bibendum imperdiet. Nullam orci pede, venenatis non, sodales sed, tincidunt eu, felis.', 'Olly', 'Nick', '2023-07-09 07:18:00', '2023-05-20 04:37:14');
insert into article_comment (article_id, user_id, content, created_by, modified_by, created_at, modified_at) values (21, 'uno', 'In hac habitasse platea dictumst. Etiam faucibus cursus urna. Ut tellus.', 'Ivy', 'Howey', '2023-10-11 08:29:43', '2023-10-26 18:14:39');
insert into article_comment (article_id, user_id, content, created_by, modified_by, created_at, modified_at) values (7, 'uno', 'Integer ac leo. Pellentesque ultrices mattis odio. Donec vitae nisi.', 'Patrice', 'Verna', '2024-01-05 01:02:09', '2023-03-22 01:03:04');
insert into article_comment (article_id, user_id, content, created_by, modified_by, created_at, modified_at) values (108, 'uno', 'Maecenas tristique, est et tempus semper, est quam pharetra magna, ac consequat metus sapien ut nunc. Vestibulum ante ipsum primis in faucibus orci luctus et ultrices posuere cubilia Curae; Mauris viverra diam vitae quam. Suspendisse potenti.', 'Jyoti', 'Em', '2023-12-27 23:18:41', '2023-08-09 08:43:45');
insert into article_comment (article_id, user_id, content, created_by, modified_by, created_at, modified_at) values (92, 'uno', 'Maecenas tristique, est et tempus semper, est quam pharetra magna, ac consequat metus sapien ut nunc. Vestibulum ante ipsum primis in faucibus orci luctus et ultrices posuere cubilia Curae; Mauris viverra diam vitae quam. Suspendisse potenti.', 'Niels', 'Kippie', '2023-05-27 05:37:44', '2023-03-24 18:55:00');
insert into article_comment (article_id, user_id, content, created_by, modified_by, created_at, modified_at) values (101, 'uno', 'Cras non velit nec nisi vulputate nonummy. Maecenas tincidunt lacus at velit. Vivamus vel nulla eget eros elementum pellentesque.', 'Rickard', 'Marget', '2023-05-30 04:53:55', '2023-06-16 20:44:50');
insert into article_comment (article_id, user_id, content, created_by, modified_by, created_at, modified_at) values (90, 'uno', 'Cras mi pede, malesuada in, imperdiet et, commodo vulputate, justo. In blandit ultrices enim. Lorem ipsum dolor sit amet, consectetuer adipiscing elit.', 'Sutton', 'Siward', '2023-10-29 12:16:37', '2023-02-08 12:36:43');
insert into article_comment (article_id, user_id, content, created_by, modified_by, created_at, modified_at) values (33, 'uno', 'Maecenas tristique, est et tempus semper, est quam pharetra magna, ac consequat metus sapien ut nunc. Vestibulum ante ipsum primis in faucibus orci luctus et ultrices posuere cubilia Curae; Mauris viverra diam vitae quam. Suspendisse potenti.', 'Helenelizabeth', 'Verney', '2023-12-30 01:37:21', '2023-10-12 20:07:16');
insert into article_comment (article_id, user_id, content, created_by, modified_by, created_at, modified_at) values (60, 'uno', 'Cras non velit nec nisi vulputate nonummy. Maecenas tincidunt lacus at velit. Vivamus vel nulla eget eros elementum pellentesque.', 'Wally', 'Audy', '2023-05-21 22:25:27', '2023-11-01 07:09:22');
insert into article_comment (article_id, user_id, content, created_by, modified_by, created_at, modified_at) values (92, 'uno', 'In hac habitasse platea dictumst. Morbi vestibulum, velit id pretium iaculis, diam erat fermentum justo, nec condimentum neque sapien placerat ante. Nulla justo.', 'Garnette', 'Elston', '2024-01-10 23:39:18', '2023-07-22 15:41:02');
insert into article_comment (article_id, user_id, content, created_by, modified_by, created_at, modified_at) values (69, 'uno', 'In quis justo. Maecenas rhoncus aliquam lacus. Morbi quis tortor id nulla ultrices aliquet.', 'Garnette', 'Tommie', '2023-07-08 17:03:45', '2023-04-06 16:23:56');
insert into article_comment (article_id, user_id, content, created_by, modified_by, created_at, modified_at) values (20, 'uno', 'In hac habitasse platea dictumst. Etiam faucibus cursus urna. Ut tellus.', 'Niall', 'Wendall', '2023-11-10 10:17:38', '2023-04-12 03:54:53');
insert into article_comment (article_id, user_id, content, created_by, modified_by, created_at, modified_at) values (90, 'uno', 'Morbi non lectus. Aliquam sit amet diam in magna bibendum imperdiet. Nullam orci pede, venenatis non, sodales sed, tincidunt eu, felis.', 'Cally', 'Noreen', '2023-06-12 04:35:09', '2023-02-20 15:24:18');
insert into article_comment (article_id, user_id, content, created_by, modified_by, created_at, modified_at) values (68, 'uno', 'In hac habitasse platea dictumst. Etiam faucibus cursus urna. Ut tellus.', 'Chilton', 'Denice', '2023-06-30 11:49:07', '2023-04-09 08:03:01');
insert into article_comment (article_id, user_id, content, created_by, modified_by, created_at, modified_at) values (96, 'uno', 'Morbi non lectus. Aliquam sit amet diam in magna bibendum imperdiet. Nullam orci pede, venenatis non, sodales sed, tincidunt eu, felis.', 'Earvin', 'Byran', '2023-06-16 21:17:42', '2023-06-06 03:57:11');
insert into article_comment (article_id, user_id, content, created_by, modified_by, created_at, modified_at) values (40, 'uno', 'In hac habitasse platea dictumst. Morbi vestibulum, velit id pretium iaculis, diam erat fermentum justo, nec condimentum neque sapien placerat ante. Nulla justo.', 'Gasparo', 'Bowie', '2023-11-08 09:46:10', '2023-11-27 00:19:43');
insert into article_comment (article_id, user_id, content, created_by, modified_by, created_at, modified_at) values (27, 'uno', 'Cras mi pede, malesuada in, imperdiet et, commodo vulputate, justo. In blandit ultrices enim. Lorem ipsum dolor sit amet, consectetuer adipiscing elit.', 'Anthe', 'Neilla', '2023-08-29 00:34:34', '2023-07-19 15:29:46');
insert into article_comment (article_id, user_id, content, created_by, modified_by, created_at, modified_at) values (18, 'uno', 'Sed sagittis. Nam congue, risus semper porta volutpat, quam pede lobortis ligula, sit amet eleifend pede libero quis orci. Nullam molestie nibh in lectus.', 'Quintina', 'Darcy', '2023-02-14 01:26:40', '2023-07-25 17:30:56');
insert into article_comment (article_id, user_id, content, created_by, modified_by, created_at, modified_at) values (39, 'uno', 'Vestibulum ac est lacinia nisi venenatis tristique. Fusce congue, diam id ornare imperdiet, sapien urna pretium nisl, ut volutpat sapien arcu sed augue. Aliquam erat volutpat.', 'Lauralee', 'Madlen', '2023-12-07 10:22:52', '2023-11-09 04:06:35');
insert into article_comment (article_id, user_id, content, created_by, modified_by, created_at, modified_at) values (72, 'uno', 'Cum sociis natoque penatibus et magnis dis parturient montes, nascetur ridiculus mus. Vivamus vestibulum sagittis sapien. Cum sociis natoque penatibus et magnis dis parturient montes, nascetur ridiculus mus.', 'Cointon', 'Stu', '2023-05-13 17:38:37', '2023-10-03 11:28:57');
insert into article_comment (article_id, user_id, content, created_by, modified_by, created_at, modified_at) values (45, 'uno', 'In congue. Etiam justo. Etiam pretium iaculis justo.', 'Zacharia', 'Merry', '2023-03-03 04:22:06', '2023-11-03 13:34:21');
insert into article_comment (article_id, user_id, content, created_by, modified_by, created_at, modified_at) values (39, 'uno', 'Proin interdum mauris non ligula pellentesque ultrices. Phasellus id sapien in sapien iaculis congue. Vivamus metus arcu, adipiscing molestie, hendrerit at, vulputate vitae, nisl.', 'Trenton', 'Heddi', '2023-10-13 03:19:14', '2023-07-28 09:51:55');
insert into article_comment (article_id, user_id, content, created_by, modified_by, created_at, modified_at) values (9, 'uno', 'In sagittis dui vel nisl. Duis ac nibh. Fusce lacus purus, aliquet at, feugiat non, pretium quis, lectus.', 'Darleen', 'Mendy', '2023-05-18 06:28:11', '2023-01-17 13:03:27');
insert into article_comment (article_id, user_id, content, created_by, modified_by, created_at, modified_at) values (71, 'uno', 'Nam ultrices, libero non mattis pulvinar, nulla pede ullamcorper augue, a suscipit nulla elit ac nulla. Sed vel enim sit amet nunc viverra dapibus. Nulla suscipit ligula in lacus.', 'Bink', 'Lindsy', '2023-08-07 13:30:59', '2023-05-03 20:20:30');
insert into article_comment (article_id, user_id, content, created_by, modified_by, created_at, modified_at) values (121, 'uno', 'Maecenas ut massa quis augue luctus tincidunt. Nulla mollis molestie lorem. Quisque ut erat.', 'Andreana', 'Lefty', '2023-04-19 18:06:23', '2023-01-30 19:49:22');
insert into article_comment (article_id, user_id, content, created_by, modified_by, created_at, modified_at) values (78, 'uno2', 'Quisque porta volutpat erat. Quisque erat eros, viverra eget, congue eget, semper rutrum, nulla. Nunc purus.', 'Alanson', 'Egbert', '2023-11-27 04:32:16', '2023-11-04 16:19:27');
insert into article_comment (article_id, user_id, content, created_by, modified_by, created_at, modified_at) values (105, 'uno2', 'Suspendisse potenti. In eleifend quam a odio. In hac habitasse platea dictumst.', 'Gregoire', 'Lenna', '2023-08-17 16:25:26', '2023-11-13 20:22:11');
insert into article_comment (article_id, user_id, content, created_by, modified_by, created_at, modified_at) values (122, 'uno2', 'Praesent blandit. Nam nulla. Integer pede justo, lacinia eget, tincidunt eget, tempus vel, pede.', 'Bekki', 'Barbey', '2023-04-13 09:48:24', '2023-09-19 23:50:38');
insert into article_comment (article_id, user_id, content, created_by, modified_by, created_at, modified_at) values (92, 'uno', 'Nulla ut erat id mauris vulputate elementum. Nullam varius. Nulla facilisi.', 'Darryl', 'Chas', '2023-04-20 10:07:39', '2023-05-16 14:36:41');
insert into article_comment (article_id, user_id, content, created_by, modified_by, created_at, modified_at) values (109, 'uno', 'Fusce consequat. Nulla nisl. Nunc nisl.', 'Marquita', 'Duane', '2023-12-05 05:24:31', '2023-02-18 17:46:03');
insert into article_comment (article_id, user_id, content, created_by, modified_by, created_at, modified_at) values (63, 'uno', 'Phasellus sit amet erat. Nulla tempus. Vivamus in felis eu sapien cursus vestibulum.', 'Von', 'Bessie', '2023-05-25 09:39:56', '2023-02-09 01:28:21');
insert into article_comment (article_id, user_id, content, created_by, modified_by, created_at, modified_at) values (46, 'uno', 'Curabitur in libero ut massa volutpat convallis. Morbi odio odio, elementum eu, interdum eu, tincidunt in, leo. Maecenas pulvinar lobortis est.', 'Clem', 'Hamish', '2023-08-07 21:24:02', '2023-12-18 12:12:31');
insert into article_comment (article_id, user_id, content, created_by, modified_by, created_at, modified_at) values (20, 'uno', 'Nulla ut erat id mauris vulputate elementum. Nullam varius. Nulla facilisi.', 'Ollie', 'Griz', '2023-02-22 13:24:12', '2023-03-01 04:06:09');
insert into article_comment (article_id, user_id, content, created_by, modified_by, created_at, modified_at) values (58, 'uno', 'Vestibulum ac est lacinia nisi venenatis tristique. Fusce congue, diam id ornare imperdiet, sapien urna pretium nisl, ut volutpat sapien arcu sed augue. Aliquam erat volutpat.', 'Tallia', 'Twila', '2023-02-12 12:24:40', '2023-05-20 17:11:18');
insert into article_comment (article_id, user_id, content, created_by, modified_by, created_at, modified_at) values (106, 'uno2', 'Curabitur gravida nisi at nibh. In hac habitasse platea dictumst. Aliquam augue quam, sollicitudin vitae, consectetuer eget, rutrum at, lorem.', 'Chadd', 'Kali', '2023-09-10 15:29:55', '2023-08-05 05:23:09');
insert into article_comment (article_id, user_id, content, created_by, modified_by, created_at, modified_at) values (35, 'uno2', 'Donec diam neque, vestibulum eget, vulputate ut, ultrices vel, augue. Vestibulum ante ipsum primis in faucibus orci luctus et ultrices posuere cubilia Curae; Donec pharetra, magna vestibulum aliquet ultrices, erat tortor sollicitudin mi, sit amet lobortis sapien sapien non mi. Integer ac neque.', 'Quillan', 'Bel', '2023-12-25 17:05:46', '2023-01-27 11:00:03');
insert into article_comment (article_id, user_id, content, created_by, modified_by, created_at, modified_at) values (65, 'uno2', 'Duis bibendum, felis sed interdum venenatis, turpis enim blandit mi, in porttitor pede justo eu massa. Donec dapibus. Duis at velit eu est congue elementum.', 'Suzann', 'Olivie', '2023-02-22 12:50:31', '2023-08-08 17:52:16');
insert into article_comment (article_id, user_id, content, created_by, modified_by, created_at, modified_at) values (88, 'uno2', 'In hac habitasse platea dictumst. Etiam faucibus cursus urna. Ut tellus.', 'Rosina', 'Diahann', '2023-08-16 19:09:52', '2023-06-03 19:36:59');
insert into article_comment (article_id, user_id, content, created_by, modified_by, created_at, modified_at) values (31, 'uno2', 'Curabitur gravida nisi at nibh. In hac habitasse platea dictumst. Aliquam augue quam, sollicitudin vitae, consectetuer eget, rutrum at, lorem.', 'Estell', 'Jeanine', '2023-06-26 21:40:41', '2023-05-31 01:52:27');
insert into article_comment (article_id, user_id, content, created_by, modified_by, created_at, modified_at) values (15, 'uno', 'Nam ultrices, libero non mattis pulvinar, nulla pede ullamcorper augue, a suscipit nulla elit ac nulla. Sed vel enim sit amet nunc viverra dapibus. Nulla suscipit ligula in lacus.', 'Urbain', 'Bekki', '2023-05-19 03:55:11', '2023-08-07 11:05:45');
insert into article_comment (article_id, user_id, content, created_by, modified_by, created_at, modified_at) values (94, 'uno', 'In hac habitasse platea dictumst. Etiam faucibus cursus urna. Ut tellus.', 'Yorke', 'Axe', '2023-06-28 04:30:12', '2023-08-15 08:43:28');
insert into article_comment (article_id, user_id, content, created_by, modified_by, created_at, modified_at) values (24, 'uno', 'In quis justo. Maecenas rhoncus aliquam lacus. Morbi quis tortor id nulla ultrices aliquet.', 'Iosep', 'Camila', '2023-11-25 09:40:28', '2023-08-10 03:06:26');
insert into article_comment (article_id, user_id, content, created_by, modified_by, created_at, modified_at) values (9, 'uno', 'Maecenas leo odio, condimentum id, luctus nec, molestie sed, justo. Pellentesque viverra pede ac diam. Cras pellentesque volutpat dui.', 'Biddy', 'Raquel', '2023-09-13 06:04:16', '2023-09-27 19:16:27');
insert into article_comment (article_id, user_id, content, created_by, modified_by, created_at, modified_at) values (81, 'uno2', 'Cum sociis natoque penatibus et magnis dis parturient montes, nascetur ridiculus mus. Vivamus vestibulum sagittis sapien. Cum sociis natoque penatibus et magnis dis parturient montes, nascetur ridiculus mus.', 'Penrod', 'Fielding', '2023-07-03 15:42:50', '2023-06-05 17:00:38');
insert into article_comment (article_id, user_id, content, created_by, modified_by, created_at, modified_at) values (86, 'uno', 'In hac habitasse platea dictumst. Etiam faucibus cursus urna. Ut tellus.', 'Petr', 'Shaylyn', '2023-01-20 00:27:05', '2023-05-01 17:30:29');
insert into article_comment (article_id, user_id, content, created_by, modified_by, created_at, modified_at) values (120, 'uno', 'Sed sagittis. Nam congue, risus semper porta volutpat, quam pede lobortis ligula, sit amet eleifend pede libero quis orci. Nullam molestie nibh in lectus.', 'Grantham', 'Welby', '2023-07-03 18:22:41', '2023-09-16 21:57:55');
insert into article_comment (article_id, user_id, content, created_by, modified_by, created_at, modified_at) values (60, 'uno2', 'Aenean fermentum. Donec ut mauris eget massa tempor convallis. Nulla neque libero, convallis eget, eleifend luctus, ultricies eu, nibh.', 'Ward', 'Aviva', '2023-01-17 01:01:38', '2023-06-18 05:18:50');
insert into article_comment (article_id, user_id, content, created_by, modified_by, created_at, modified_at) values (32, 'uno', 'Suspendisse potenti. In eleifend quam a odio. In hac habitasse platea dictumst.', 'Bordy', 'Davie', '2023-12-31 01:07:27', '2023-09-08 13:43:00');
insert into article_comment (article_id, user_id, content, created_by, modified_by, created_at, modified_at) values (18, 'uno', 'In quis justo. Maecenas rhoncus aliquam lacus. Morbi quis tortor id nulla ultrices aliquet.', 'Bethanne', 'Tye', '2023-11-16 08:55:15', '2023-03-14 06:17:50');
insert into article_comment (article_id, user_id, content, created_by, modified_by, created_at, modified_at) values (52, 'uno', 'Integer ac leo. Pellentesque ultrices mattis odio. Donec vitae nisi.', 'Gayle', 'Thebault', '2023-02-25 02:19:40', '2023-12-08 06:13:19');
insert into article_comment (article_id, user_id, content, created_by, modified_by, created_at, modified_at) values (123, 'uno2', 'In congue. Etiam justo. Etiam pretium iaculis justo.', 'Allan', 'Lanny', '2023-07-28 21:58:22', '2023-04-06 10:26:53');
insert into article_comment (article_id, user_id, content, created_by, modified_by, created_at, modified_at) values (9, 'uno', 'Duis consequat dui nec nisi volutpat eleifend. Donec ut dolor. Morbi vel lectus in quam fringilla rhoncus.', 'Gianina', 'Rene', '2023-04-19 04:15:00', '2023-12-19 16:43:48');
insert into article_comment (article_id, user_id, content, created_by, modified_by, created_at, modified_at) values (97, 'uno', 'Morbi porttitor lorem id ligula. Suspendisse ornare consequat lectus. In est risus, auctor sed, tristique in, tempus sit amet, sem.', 'Deidre', 'Emma', '2023-04-26 05:25:50', '2023-11-29 21:48:19');
insert into article_comment (article_id, user_id, content, created_by, modified_by, created_at, modified_at) values (102, 'uno', 'Quisque porta volutpat erat. Quisque erat eros, viverra eget, congue eget, semper rutrum, nulla. Nunc purus.', 'Kaspar', 'Sebastian', '2023-05-30 19:15:22', '2023-11-09 00:16:40');
insert into article_comment (article_id, user_id, content, created_by, modified_by, created_at, modified_at) values (113, 'uno2', 'Duis aliquam convallis nunc. Proin at turpis a pede posuere nonummy. Integer non velit.', 'Jewell', 'Fernandina', '2023-07-22 12:39:29', '2023-04-16 09:27:04');
insert into article_comment (article_id, user_id, content, created_by, modified_by, created_at, modified_at) values (55, 'uno', 'Fusce consequat. Nulla nisl. Nunc nisl.', 'Thomasa', 'Ester', '2023-04-12 19:46:11', '2023-05-06 00:50:45');
insert into article_comment (article_id, user_id, content, created_by, modified_by, created_at, modified_at) values (99, 'uno', 'Curabitur at ipsum ac tellus semper interdum. Mauris ullamcorper purus sit amet nulla. Quisque arcu libero, rutrum ac, lobortis vel, dapibus at, diam.', 'Kacy', 'Keen', '2023-04-23 14:20:42', '2023-06-06 06:09:19');
insert into article_comment (article_id, user_id, content, created_by, modified_by, created_at, modified_at) values (27, 'uno2', 'Curabitur gravida nisi at nibh. In hac habitasse platea dictumst. Aliquam augue quam, sollicitudin vitae, consectetuer eget, rutrum at, lorem.', 'Pippy', 'Aldridge', '2023-04-03 13:40:44', '2023-05-04 19:28:24');
insert into article_comment (article_id, user_id, content, created_by, modified_by, created_at, modified_at) values (92, 'uno', 'Sed ante. Vivamus tortor. Duis mattis egestas metus.', 'Gayla', 'Devonne', '2023-05-02 06:49:46', '2023-02-08 13:46:55');
insert into article_comment (article_id, user_id, content, created_by, modified_by, created_at, modified_at) values (89, 'uno2', 'Nullam sit amet turpis elementum ligula vehicula consequat. Morbi a ipsum. Integer a nibh.', 'Merry', 'Jewel', '2023-06-14 00:07:30', '2023-04-26 12:47:07');
insert into article_comment (article_id, user_id, content, created_by, modified_by, created_at, modified_at) values (100, 'uno', 'In hac habitasse platea dictumst. Morbi vestibulum, velit id pretium iaculis, diam erat fermentum justo, nec condimentum neque sapien placerat ante. Nulla justo.', 'Cathyleen', 'Chlo', '2023-08-15 11:24:49', '2023-04-17 07:06:26');
insert into article_comment (article_id, user_id, content, created_by, modified_by, created_at, modified_at) values (6, 'uno2', 'Quisque id justo sit amet sapien dignissim vestibulum. Vestibulum ante ipsum primis in faucibus orci luctus et ultrices posuere cubilia Curae; Nulla dapibus dolor vel est. Donec odio justo, sollicitudin ut, suscipit a, feugiat et, eros.', 'Gelya', 'Tersina', '2023-04-28 17:25:34', '2023-11-07 07:30:28');
insert into article_comment (article_id, user_id, content, created_by, modified_by, created_at, modified_at) values (89, 'uno', 'In sagittis dui vel nisl. Duis ac nibh. Fusce lacus purus, aliquet at, feugiat non, pretium quis, lectus.', 'Anatollo', 'Cammy', '2023-11-25 03:17:10', '2023-11-19 09:52:07');
insert into article_comment (article_id, user_id, content, created_by, modified_by, created_at, modified_at) values (56, 'uno', 'Proin eu mi. Nulla ac enim. In tempor, turpis nec euismod scelerisque, quam turpis adipiscing lorem, vitae mattis nibh ligula nec sem.', 'Timofei', 'Shell', '2023-03-21 08:25:01', '2023-06-12 18:33:25');
insert into article_comment (article_id, user_id, content, created_by, modified_by, created_at, modified_at) values (54, 'uno2', 'Fusce consequat. Nulla nisl. Nunc nisl.', 'Rebeca', 'Jackqueline', '2023-09-12 16:16:17', '2023-07-18 10:50:04');
insert into article_comment (article_id, user_id, content, created_by, modified_by, created_at, modified_at) values (99, 'uno2', 'Duis bibendum. Morbi non quam nec dui luctus rutrum. Nulla tellus.', 'Lizbeth', 'Loutitia', '2023-06-13 00:06:14', '2023-10-11 21:00:36');
insert into article_comment (article_id, user_id, content, created_by, modified_by, created_at, modified_at) values (50, 'uno2', 'Cras non velit nec nisi vulputate nonummy. Maecenas tincidunt lacus at velit. Vivamus vel nulla eget eros elementum pellentesque.', 'Elisa', 'Iorgo', '2023-02-15 12:27:42', '2023-08-24 11:00:45');
insert into article_comment (article_id, user_id, content, created_by, modified_by, created_at, modified_at) values (72, 'uno', 'Proin eu mi. Nulla ac enim. In tempor, turpis nec euismod scelerisque, quam turpis adipiscing lorem, vitae mattis nibh ligula nec sem.', 'Sibbie', 'Fiona', '2023-02-24 15:38:53', '2023-10-22 23:34:52');
insert into article_comment (article_id, user_id, content, created_by, modified_by, created_at, modified_at) values (110, 'uno2', 'Integer ac leo. Pellentesque ultrices mattis odio. Donec vitae nisi.', 'Georgie', 'Fallon', '2023-05-20 18:31:23', '2023-05-26 06:10:55');
insert into article_comment (article_id, user_id, content, created_by, modified_by, created_at, modified_at) values (104, 'uno', 'Duis bibendum. Morbi non quam nec dui luctus rutrum. Nulla tellus.', 'Orren', 'Lil', '2023-07-04 10:08:56', '2023-11-01 09:17:51');
insert into article_comment (article_id, user_id, content, created_by, modified_by, created_at, modified_at) values (22, 'uno', 'In hac habitasse platea dictumst. Morbi vestibulum, velit id pretium iaculis, diam erat fermentum justo, nec condimentum neque sapien placerat ante. Nulla justo.', 'Morgun', 'Raye', '2023-11-15 16:39:49', '2023-02-07 07:48:01');
insert into article_comment (article_id, user_id, content, created_by, modified_by, created_at, modified_at) values (38, 'uno', 'In congue. Etiam justo. Etiam pretium iaculis justo.', 'Meade', 'Delinda', '2023-06-17 11:32:09', '2023-11-05 13:21:15');
insert into article_comment (article_id, user_id, content, created_by, modified_by, created_at, modified_at) values (65, 'uno', 'Sed ante. Vivamus tortor. Duis mattis egestas metus.', 'Laetitia', 'Kandace', '2024-01-06 10:24:38', '2024-01-02 16:55:53');
insert into article_comment (article_id, user_id, content, created_by, modified_by, created_at, modified_at) values (50, 'uno', 'Praesent id massa id nisl venenatis lacinia. Aenean sit amet justo. Morbi ut odio.', 'Arny', 'Luciana', '2023-11-23 01:26:12', '2023-03-04 12:10:34');
insert into article_comment (article_id, user_id, content, created_by, modified_by, created_at, modified_at) values (58, 'uno', 'Maecenas ut massa quis augue luctus tincidunt. Nulla mollis molestie lorem. Quisque ut erat.', 'Winnifred', 'Darren', '2023-07-19 11:21:21', '2023-03-10 20:47:55');
insert into article_comment (article_id, user_id, content, created_by, modified_by, created_at, modified_at) values (114, 'uno', 'Aenean lectus. Pellentesque eget nunc. Donec quis orci eget orci vehicula condimentum.', 'Georgianna', 'Danie', '2023-06-21 02:38:16', '2023-04-17 09:59:32');
insert into article_comment (article_id, user_id, content, created_by, modified_by, created_at, modified_at) values (107, 'uno', 'Duis aliquam convallis nunc. Proin at turpis a pede posuere nonummy. Integer non velit.', 'Helene', 'Rosemarie', '2023-06-11 10:18:05', '2023-12-08 06:52:09');
insert into article_comment (article_id, user_id, content, created_by, modified_by, created_at, modified_at) values (9, 'uno', 'Morbi porttitor lorem id ligula. Suspendisse ornare consequat lectus. In est risus, auctor sed, tristique in, tempus sit amet, sem.', 'Reginald', 'Xenos', '2023-10-11 19:37:56', '2023-08-08 17:37:44');
insert into article_comment (article_id, user_id, content, created_by, modified_by, created_at, modified_at) values (88, 'uno', 'Duis bibendum. Morbi non quam nec dui luctus rutrum. Nulla tellus.', 'Oliy', 'Tabor', '2023-12-25 09:39:03', '2023-09-11 18:07:17');
insert into article_comment (article_id, user_id, content, created_by, modified_by, created_at, modified_at) values (6, 'uno', 'Curabitur at ipsum ac tellus semper interdum. Mauris ullamcorper purus sit amet nulla. Quisque arcu libero, rutrum ac, lobortis vel, dapibus at, diam.', 'Izaak', 'Tanny', '2023-04-28 07:55:01', '2023-11-12 18:05:11');
insert into article_comment (article_id, user_id, content, created_by, modified_by, created_at, modified_at) values (91, 'uno', 'Fusce posuere felis sed lacus. Morbi sem mauris, laoreet ut, rhoncus aliquet, pulvinar sed, nisl. Nunc rhoncus dui vel sem.', 'Darn', 'Huntlee', '2023-07-14 00:51:21', '2023-03-15 23:59:42');
